company,title,location,link
Chaturbate,"Software Engineer, Python&TypeScript",No office location,https://stackoverflow.com/jobs/566212
"Spekit
                        via
Source Coders",Backend Engineering Manager (Python) - Spekit - High Growth Series A Startup,No office location,https://stackoverflow.com/jobs/566634
Chaturbate,"Senior Software Engineer, Python","San Francisco, CA",https://stackoverflow.com/jobs/566183
StyleSeat,Fullstack Engineer II (Python/Django/React),No office location,https://stackoverflow.com/jobs/554278
Ambient,Python Entwickler*in Remote (f/m/d),"KÃ¶ln, Deutschland",https://stackoverflow.com/jobs/493874
social sweetheartsÂ® GmbH,Python/Django Developer (m/f/d),No office location,https://stackoverflow.com/jobs/566797
X-Team,Python Developer (Remote),No office location,https://stackoverflow.com/jobs/534454
social sweetheartsÂ® GmbH,Python/Django Developer (m/f/d) - Remote,No office location,https://stackoverflow.com/jobs/566798
Finsera,Python Developer (Remote),No office location,https://stackoverflow.com/jobs/524065
Night Market,Senior Full Stack Engineer (Python/JavaScript),No office location,https://stackoverflow.com/jobs/566448
Finsera,"Data Engineer (Python, ETL)",No office location,https://stackoverflow.com/jobs/536631
Night Market,Full Stack Engineer (Mid-level - Python/JavaScript),No office location,https://stackoverflow.com/jobs/566449
Pentalog,"Python Developer, REMOTE",No office location,https://stackoverflow.com/jobs/566579
solute GmbH,"Senior Python Software Developer (m/f/d) @ our Partner ADSPERT (Berlin, remote)","Berlin, Deutschland",https://stackoverflow.com/jobs/547853
MUFG,"Insider Threat Engineer, Remote, Banking, Finance, Python, information security",No office location,https://stackoverflow.com/jobs/566297
MapLarge,"Senior .Net Developer for ML, Computer Vision and Python Algorithm development",No office location,https://stackoverflow.com/jobs/165235
FINN,Backend Engineer - all levels at sustainable start-up (m/f/x)-Munich or Remote,"MÃ¼nchen, Germany",https://stackoverflow.com/jobs/331741
"Cisco Meraki
                        via
Source Coders",Senior Software Engineer (Camera) - Cisco Meraki - Remote,No office location,https://stackoverflow.com/jobs/566793
Coda Payments,Senior/Staff Software Engineer,No office location,https://stackoverflow.com/jobs/566756
FINN,Women in Leadership Tech -all levels at sustainable start-up (f/x) Munich/Remote,"MÃ¼nchen, Germany",https://stackoverflow.com/jobs/566709
kaliber.ai,Senior Full Stack Software Engineer,No office location,https://stackoverflow.com/jobs/251476
eLearning Industry,Cloud Engineer - Remote/On-Site,"Athens, Greece",https://stackoverflow.com/jobs/566140
FINN,Tech Lead Engineering at sustainable start-up (m/f/x) - Munich/Remote,"MÃ¼nchen, Germany",https://stackoverflow.com/jobs/541678
FINN,Women in Tech - all levels at sustainable start-up (f/x) - Munich or Remote,No office location,https://stackoverflow.com/jobs/565648
solute GmbH,Full Stack Web Developer (m/w/d),"Karlsruhe, Deutschland",https://stackoverflow.com/jobs/556141
"TheoremOne, LLC",Remote Experienced Frontend Engineer - React,No office location,https://stackoverflow.com/jobs/562427
Everli,Senior Frontend Engineer | Vue,No office location,https://stackoverflow.com/jobs/566063
"Jack Henry & Associates, Inc.Â®",Scala Software Engineer (Mid-Level To Lead),No office location,https://stackoverflow.com/jobs/533136
"Metova, Inc.",React Native Developer (Remote),No office location,https://stackoverflow.com/jobs/566420
SimpleNexus LLC,Full Stack Engineer,No office location,https://stackoverflow.com/jobs/523006
FINN,Women in Leadership Tech -all levels at sustainable start-up (f/x) Munich/Remote,"MÃ¼nchen, Germany",https://stackoverflow.com/jobs/566709
FINN,Women in Tech - all levels at sustainable start-up (f/x) - Munich or Remote,No office location,https://stackoverflow.com/jobs/565648
FINN,Tech Lead Engineering at sustainable start-up (m/f/x) - Munich/Remote,"MÃ¼nchen, Germany",https://stackoverflow.com/jobs/541678
Outschool,Experienced Software Engineer,No office location,https://stackoverflow.com/jobs/550915
shopware AG,Software Developer Vue.js (m/f/d),"SchÃ¶ppingen, Deutschland",https://stackoverflow.com/jobs/549078
Ambient,Python Entwickler*in Remote (f/m/d),"KÃ¶ln, Deutschland",https://stackoverflow.com/jobs/493874
Everli,Senior Android Engineer,No office location,https://stackoverflow.com/jobs/566287
"Cardinal Financial Company, LP",Java FullStack SE - Looking to disrupt the Mortgage Industry!,No office location,https://stackoverflow.com/jobs/350467
Branding Brand,Senior React Engineer / Mobile Software Developer (Remote),No office location,https://stackoverflow.com/jobs/546545
Nozomi Networks,C++ Software Engineer @ Nozomi Networks,"Mendrisio, Switzerland",https://stackoverflow.com/jobs/526391
"TheoremOne, LLC",Remote Experienced Backend Engineer - C# / .NET Core,No office location,https://stackoverflow.com/jobs/566732
Pentalog,Reactive Java Developer (REMOTE),No office location,https://stackoverflow.com/jobs/536624
Finsera,Python Developer (Remote),No office location,https://stackoverflow.com/jobs/524065
Pentalog,Full Stack Developer (React + Java) â€“ REMOTE,No office location,https://stackoverflow.com/jobs/566591
BlueModus,Software Architect & Lead (.NET Web Projects; Fully Remote),No office location,https://stackoverflow.com/jobs/566693
Outschool,iOS Engineer,No office location,https://stackoverflow.com/jobs/565872
HolidayCheck Group AG,Software Engineer â€“ Frontend / Fullstack (m/f/d) remote or on-site,"Munich, Germany",https://stackoverflow.com/jobs/297720
SimpleNexus LLC,iOS Developer,No office location,https://stackoverflow.com/jobs/524069
SimpleNexus LLC,Android Developer,No office location,https://stackoverflow.com/jobs/523152
Chaturbate,"Software Engineer, Python&TypeScript",No office location,https://stackoverflow.com/jobs/566212
"Cardinal Financial Company, LP",Java FullStack SE - Looking to disrupt the Mortgage Industry!,No office location,https://stackoverflow.com/jobs/350467
Everli,Senior Frontend Engineer | Vue,No office location,https://stackoverflow.com/jobs/566063
"Jack Henry & Associates, Inc.Â®",Scala Software Engineer (Mid-Level To Lead),No office location,https://stackoverflow.com/jobs/533136
"Metova, Inc.",React Native Developer (Remote),No office location,https://stackoverflow.com/jobs/566420
SimpleNexus LLC,Full Stack Engineer,No office location,https://stackoverflow.com/jobs/523006
FINN,Women in Leadership Tech -all levels at sustainable start-up (f/x) Munich/Remote,"MÃ¼nchen, Germany",https://stackoverflow.com/jobs/566709
FINN,Women in Tech - all levels at sustainable start-up (f/x) - Munich or Remote,No office location,https://stackoverflow.com/jobs/565648
FINN,Tech Lead Engineering at sustainable start-up (m/f/x) - Munich/Remote,"MÃ¼nchen, Germany",https://stackoverflow.com/jobs/541678
Outschool,Experienced Software Engineer,No office location,https://stackoverflow.com/jobs/550915
shopware AG,Software Developer Vue.js (m/f/d),"SchÃ¶ppingen, Deutschland",https://stackoverflow.com/jobs/549078
Branding Brand,Senior React Engineer / Mobile Software Developer (Remote),No office location,https://stackoverflow.com/jobs/546545
"TheoremOne, LLC",Remote Experienced Backend Engineer - C# / .NET Core,No office location,https://stackoverflow.com/jobs/566732
Ambient,Python Entwickler*in Remote (f/m/d),"KÃ¶ln, Deutschland",https://stackoverflow.com/jobs/493874
Everli,Senior Android Engineer,No office location,https://stackoverflow.com/jobs/566287
"TheoremOne, LLC",Remote Experienced Frontend Engineer - React,No office location,https://stackoverflow.com/jobs/562427
Nozomi Networks,C++ Software Engineer @ Nozomi Networks,"Mendrisio, Switzerland",https://stackoverflow.com/jobs/526391
Pentalog,Reactive Java Developer (REMOTE),No office location,https://stackoverflow.com/jobs/536624
Finsera,Python Developer (Remote),No office location,https://stackoverflow.com/jobs/524065
HolidayCheck Group AG,Software Engineer â€“ Frontend / Fullstack (m/f/d) remote or on-site,"Munich, Germany",https://stackoverflow.com/jobs/297720
Pentalog,Full Stack Developer (React + Java) â€“ REMOTE,No office location,https://stackoverflow.com/jobs/566591
BlueModus,Software Architect & Lead (.NET Web Projects; Fully Remote),No office location,https://stackoverflow.com/jobs/566693
Outschool,iOS Engineer,No office location,https://stackoverflow.com/jobs/565872
Chaturbate,"Software Engineer, Python&TypeScript",No office location,https://stackoverflow.com/jobs/566212
SimpleNexus LLC,iOS Developer,No office location,https://stackoverflow.com/jobs/524069
SimpleNexus LLC,Android Developer,No office location,https://stackoverflow.com/jobs/523152
FINN,Women in Leadership Tech -all levels at sustainable start-up (f/x) Munich/Remote,"MÃ¼nchen, Germany",https://stackoverflow.com/jobs/566709
Everli,Senior Frontend Engineer | Vue,No office location,https://stackoverflow.com/jobs/566063
"Jack Henry & Associates, Inc.Â®",Scala Software Engineer (Mid-Level To Lead),No office location,https://stackoverflow.com/jobs/533136
"Metova, Inc.",React Native Developer (Remote),No office location,https://stackoverflow.com/jobs/566420
SimpleNexus LLC,Full Stack Engineer,No office location,https://stackoverflow.com/jobs/523006
FINN,Tech Lead Engineering at sustainable start-up (m/f/x) - Munich/Remote,"MÃ¼nchen, Germany",https://stackoverflow.com/jobs/541678
Outschool,Experienced Software Engineer,No office location,https://stackoverflow.com/jobs/550915
FINN,Women in Tech - all levels at sustainable start-up (f/x) - Munich or Remote,No office location,https://stackoverflow.com/jobs/565648
Ambient,Python Entwickler*in Remote (f/m/d),"KÃ¶ln, Deutschland",https://stackoverflow.com/jobs/493874
shopware AG,Software Developer Vue.js (m/f/d),"SchÃ¶ppingen, Deutschland",https://stackoverflow.com/jobs/549078
"TheoremOne, LLC",Remote Experienced Frontend Engineer - React,No office location,https://stackoverflow.com/jobs/562427
Nozomi Networks,C++ Software Engineer @ Nozomi Networks,"Mendrisio, Switzerland",https://stackoverflow.com/jobs/526391
"Cardinal Financial Company, LP",Java FullStack SE - Looking to disrupt the Mortgage Industry!,No office location,https://stackoverflow.com/jobs/350467
Branding Brand,Senior React Engineer / Mobile Software Developer (Remote),No office location,https://stackoverflow.com/jobs/546545
"TheoremOne, LLC",Remote Experienced Backend Engineer - C# / .NET Core,No office location,https://stackoverflow.com/jobs/566732
Everli,Senior Android Engineer,No office location,https://stackoverflow.com/jobs/566287
Pentalog,Reactive Java Developer (REMOTE),No office location,https://stackoverflow.com/jobs/536624
Pentalog,Full Stack Developer (React + Java) â€“ REMOTE,No office location,https://stackoverflow.com/jobs/566591
Finsera,Python Developer (Remote),No office location,https://stackoverflow.com/jobs/524065
BlueModus,Software Architect & Lead (.NET Web Projects; Fully Remote),No office location,https://stackoverflow.com/jobs/566693
Outschool,iOS Engineer,No office location,https://stackoverflow.com/jobs/565872
HolidayCheck Group AG,Software Engineer â€“ Frontend / Fullstack (m/f/d) remote or on-site,"Munich, Germany",https://stackoverflow.com/jobs/297720
SimpleNexus LLC,Android Developer,No office location,https://stackoverflow.com/jobs/523152
Chaturbate,"Software Engineer, Python&TypeScript",No office location,https://stackoverflow.com/jobs/566212
SimpleNexus LLC,iOS Developer,No office location,https://stackoverflow.com/jobs/524069
"TheoremOne, LLC",Remote Experienced Backend Engineer - C# / .NET Core,No office location,https://stackoverflow.com/jobs/566732
Everli,Senior Frontend Engineer | Vue,No office location,https://stackoverflow.com/jobs/566063
"Jack Henry & Associates, Inc.Â®",Scala Software Engineer (Mid-Level To Lead),No office location,https://stackoverflow.com/jobs/533136
"Metova, Inc.",React Native Developer (Remote),No office location,https://stackoverflow.com/jobs/566420
SimpleNexus LLC,Full Stack Engineer,No office location,https://stackoverflow.com/jobs/523006
FINN,Women in Leadership Tech -all levels at sustainable start-up (f/x) Munich/Remote,"MÃ¼nchen, Germany",https://stackoverflow.com/jobs/566709
FINN,Women in Tech - all levels at sustainable start-up (f/x) - Munich or Remote,No office location,https://stackoverflow.com/jobs/565648
FINN,Tech Lead Engineering at sustainable start-up (m/f/x) - Munich/Remote,"MÃ¼nchen, Germany",https://stackoverflow.com/jobs/541678
Outschool,Experienced Software Engineer,No office location,https://stackoverflow.com/jobs/550915
shopware AG,Software Developer Vue.js (m/f/d),"SchÃ¶ppingen, Deutschland",https://stackoverflow.com/jobs/549078
Ambient,Python Entwickler*in Remote (f/m/d),"KÃ¶ln, Deutschland",https://stackoverflow.com/jobs/493874
Everli,Senior Android Engineer,No office location,https://stackoverflow.com/jobs/566287
"TheoremOne, LLC",Remote Experienced Frontend Engineer - React,No office location,https://stackoverflow.com/jobs/562427
Nozomi Networks,C++ Software Engineer @ Nozomi Networks,"Mendrisio, Switzerland",https://stackoverflow.com/jobs/526391
Branding Brand,Senior React Engineer / Mobile Software Developer (Remote),No office location,https://stackoverflow.com/jobs/546545
Pentalog,Reactive Java Developer (REMOTE),No office location,https://stackoverflow.com/jobs/536624
Finsera,Python Developer (Remote),No office location,https://stackoverflow.com/jobs/524065
"Cardinal Financial Company, LP",Java FullStack SE - Looking to disrupt the Mortgage Industry!,No office location,https://stackoverflow.com/jobs/350467
Pentalog,Full Stack Developer (React + Java) â€“ REMOTE,No office location,https://stackoverflow.com/jobs/566591
BlueModus,Software Architect & Lead (.NET Web Projects; Fully Remote),No office location,https://stackoverflow.com/jobs/566693
Outschool,iOS Engineer,No office location,https://stackoverflow.com/jobs/565872
HolidayCheck Group AG,Software Engineer â€“ Frontend / Fullstack (m/f/d) remote or on-site,"Munich, Germany",https://stackoverflow.com/jobs/297720
SimpleNexus LLC,iOS Developer,No office location,https://stackoverflow.com/jobs/524069
SimpleNexus LLC,Android Developer,No office location,https://stackoverflow.com/jobs/523152
Chaturbate,"Software Engineer, Python&TypeScript",No office location,https://stackoverflow.com/jobs/566212
OpenCraft,"Senior Open Source Developer & DevOps (Python, Django, React, AWS/OpenStack)",Anywhere in the World,https://weworkremotely.com//remote-jobs/opencraft-senior-open-source-developer-devops-python-django-react-aws-openstack
Clevertech,Senior Python Engineer,Anywhere in the World,https://weworkremotely.com//remote-jobs/clevertech-senior-python-engineer-3
RemoteMore,Python Developer,Anywhere in the World,https://weworkremotely.com//remote-jobs/remotemore-python-developer-2
Sellercrowd Inc.,React/Python Developer,Anywhere in the World,https://weworkremotely.com//remote-jobs/sellercrowd-inc-react-python-developer
Optimile,(Senior) Python Full Stack Software Developer,Europe Only,https://weworkremotely.com//remote-jobs/optimile-senior-python-full-stack-software-developer
Myagi,"Software Engineer - Python, Remote",Anywhere in the World,https://weworkremotely.com//remote-jobs/myagi-software-engineer-python-remote-2
Ebury,Senior Software Developer - Python (EU & South America),Anywhere in the World,https://weworkremotely.com//remote-jobs/ebury-senior-software-developer-python-eu-south-america
PacketFabric,Senior Software Engineer (Full Stack/Python),Anywhere in the World,https://weworkremotely.com//remote-jobs/packetfabric-senior-software-engineer-full-stack-python
Shake,Python Engineer (Remote),Anywhere in the World,https://weworkremotely.com//remote-jobs/shake-python-engineer-remote
Shake,Senior Python Engineer (Remote),Anywhere in the World,https://weworkremotely.com//remote-jobs/shake-senior-python-engineer-remote
"Upstack Technologies, Inc.",Python Developer - Remote,Americas Only / Europe Only,https://weworkremotely.com//remote-jobs/upstack-technologies-inc-python-developer-remote
Picterra,"Backend engineer (Python, Django)",Europe Only,https://weworkremotely.com//remote-jobs/picterra-backend-engineer-python-django
Laterpay,Fully Remote - Backend Software Engineer - Python,Anywhere in the World,https://weworkremotely.com//remote-jobs/laterpay-fully-remote-backend-software-engineer-python
X-Team,Python Developer,Anywhere in the World,https://weworkremotely.com//remote-jobs/x-team-python-developer-2
Gridium,"Backend engineer (remote, Python/Postgres/AWS)",Anywhere in the World,https://weworkremotely.com//listings/gridium-backend-engineer-remote-python-postgres-aws
Koffie Insurance,Software Engineer,Us/canada,https://remoteok.com/l/109795
Direct Online Services,Web Developer Python and Django,United Kingdom,https://remoteok.com/l/109777
Iterative,Senior Software Engineer,ğŸŒ Worldwide,https://remoteok.com/l/99244
TalentWerx,E01 Python Developer,ğŸ’° $60k - $120k*,https://remoteok.com/l/109395
Bold Penguin,Senior Software Engineer Python,ğŸ’° $60k - $120k*,https://remoteok.com/l/109211
Ampcontrol.io,Python Developer,ğŸŒ Worldwide,https://remoteok.com/l/109109
Steadily,Senior Developer Back and Front End,Us / Canada / Latam,https://remoteok.com/l/109065
OhmConnect,Senior Software Engineer Smart Home Integration,ğŸŒ Worldwide,https://remoteok.com/l/108503
OhmConnect,Senior Software Engineer,ğŸŒ Worldwide,https://remoteok.com/l/108501
Laskie,Senior Python Developer,Latin America,https://remoteok.com/l/108485
Darwin Homes,Senior Software Engineer,Latin America,https://remoteok.com/l/108484
Civiqs,Senior Software Engineer,ğŸ‡ºğŸ‡¸ US,https://remoteok.com/l/108410
Civiqs,Software Development Engineer,Unitied States,https://remoteok.com/l/108409
ETFLogic,Software Developer,ğŸŒ Worldwide,https://remoteok.com/l/108329
Simple Poll,Senior Software Engineer,ğŸŒ Worldwide,https://remoteok.com/l/108027
Darwin Homes,Senior Software Engineer,Latin America,https://remoteok.com/l/107943
Athenian,Senior Software Engineer API,ğŸŒ Worldwide,https://remoteok.com/l/107864
Laskie,Python Developer,Latin America,https://remoteok.com/l/107845
Aider,Backend Developer,ğŸŒ Worldwide,https://remoteok.com/l/107792
Solar Monkey,Senior Backend Developer,ğŸŒ Worldwide,https://remoteok.com/l/107644
Toptal,Senior Python Developer,ğŸŒ Worldwide,https://remoteok.com/l/107564
Ampcontrol.io,Python Developer,ğŸŒ Worldwide,https://remoteok.com/l/107426
Laskie,Senior Python Developer,Latin America,https://remoteok.com/l/107367
Brenger,Full Stack Developer,"Europe, (Cest +/- 1hour)",https://remoteok.com/l/107362
ReadyTal,Senior Full Stack Developer,ğŸŒ Worldwide,https://remoteok.com/l/107209
Prominent Edge,Full Stack Software Engineer,ğŸŒ Worldwide,https://remoteok.com/l/107096
Doximity,Sr Software Engineer Data Platform,ğŸ‡ºğŸ‡¸ US,https://remoteok.com/l/107061
Doximity,Sr Software Engineer Data Infrastructure,North America,https://remoteok.com/l/107056
AML Software,Full Stack Developer,USA & Canada,https://remoteok.com/l/107002
Raketech Group,Full Stack Developer,ğŸ‡ªğŸ‡º EU,https://remoteok.com/l/106973
bit.io,Software Engineer Backend,The Americas,https://remoteok.com/l/106961
Laskie,Senior Backend Python Developer,Latin America,https://remoteok.com/l/106934
Theme Analytics,Senior Python Developer,ğŸŒ Worldwide,https://remoteok.com/l/106691
Art+Logic,Full Stack Software Developer,United States and Canada,https://remoteok.com/l/106607
Tucows,Senior Software Engineer,ğŸŒ Worldwide,https://remoteok.com/l/106398
Tucows,Perl Software Developer,ğŸŒ Worldwide,https://remoteok.com/l/106397
Capchase,Software Engineer,ğŸ‡ªğŸ‡º EU,https://remoteok.com/l/106179
2amigos Consulting Group,Python Developer,Latin America,https://remoteok.com/l/106172
Tucows,Python Team Lead Software Engineer,ğŸŒ Worldwide,https://remoteok.com/l/106133
SellerLot,Senior Fullstack Developer,ğŸŒ Worldwide,https://remoteok.com/l/106029
Tucows,Senior Software Engineer,ğŸŒ Worldwide,https://remoteok.com/l/105913
Tucows,Perl Software Developer,ğŸŒ Worldwide,https://remoteok.com/l/105824
Tucows,Senior Software Engineer,ğŸŒ Worldwide,https://remoteok.com/l/105823
Tucows,Software Engineer,ğŸŒ Worldwide,https://remoteok.com/l/105822
Laskie,Senior Backend Python Developer,Latin America,https://remoteok.com/l/105780
Cash Flow Portal,Software Engineer,North America,https://remoteok.com/l/105770
UpLift,Senior Software Engineer,ğŸŒ Worldwide,https://remoteok.com/l/105729
Hades,Software Engineer,ğŸŒ Worldwide,https://remoteok.com/l/105618
Reincubate,Software Engineer,"East Coast, Europe",https://remoteok.com/l/105609
Tucows,Senior Full Stack Software Engineer,ğŸŒ Worldwide,https://remoteok.com/l/105592
Tucows,Lead Developer Support,ğŸŒ Worldwide,https://remoteok.com/l/105502
Tucows,Software Engineer Team Lead,ğŸŒ Worldwide,https://remoteok.com/l/105499
Settle,Software Engineer Backend,ğŸ‡ºğŸ‡¸ US,https://remoteok.com/l/105448
Accruvia,Senior Full Stack Developer Django VUE. JS 100,ğŸŒ Worldwide,https://remoteok.com/l/105416
Tucows,Senior Back End Software Engineer,ğŸŒ Worldwide,https://remoteok.com/l/105310
Argyle,Software Engineer,ğŸŒ Worldwide,https://remoteok.com/l/105285
Argyle [PyJobs],Backend Software Engineer,ğŸŒ Worldwide,https://remoteok.com/l/105124
FeedStock,Senior Backend Python Developer,"Europe, GMT Timezone +/- 2",https://remoteok.com/l/105112
crate.io,Senior Backend Software Engineer Python,ğŸ‡ªğŸ‡º EU,https://remoteok.com/l/105108
Remotesome,Lead Backend Developer,ğŸ‡ªğŸ‡º EU,https://remoteok.com/l/104744
Appsilon,React. JS Developer,ğŸŒ Worldwide,https://remoteok.com/l/104503
AMNESIA media,Full Stack Developer,ğŸŒ Worldwide,https://remoteok.com/l/104488
GooseChase,Full Stack Software Engineer,North America Timezones,https://remoteok.com/l/104445
Close,Software Engineer Backend Python (Amer,Americas & European Time Zones - 100% Remote,https://remoteok.com/l/104218
Shopify,Senior Software Development Manager,"United States, Canada",https://remoteok.com/l/104044
Argyle,Software Engineer,ğŸŒ Worldwide,https://remoteok.com/l/104012
The Linux Foundation,DevOps Software Engineer,Near Gmt+10,https://remoteok.com/l/103999
Sugar,Senior Software Engineer,US / Canada,https://remoteok.com/l/103910
Doximity,Software Engineer Data Infra,ğŸ‡ºğŸ‡¸ US,https://remoteok.com/l/103575
Kettle,Backend Web Developer,ğŸŒ Worldwide,https://remoteok.com/l/103568
Argyle,Software Engineer,"Europe, South America, Singapore, Taiwan, Thailand, Philippines",https://remoteok.com/l/103424
Administrate,Senior Software Engineer,ğŸ‡ºğŸ‡¸ US,https://remoteok.com/l/103216
OpenCraft,Senior Open Source Developer DevOps,ğŸŒ Worldwide,https://remoteok.com/l/103181
Georgia Institute of Technology,Lead Salesforce Developer,ğŸ‡ºğŸ‡¸ US,https://remoteok.com/l/103115
Backtracks.fm,Senior Fullstack Python Developer,ğŸŒ Worldwide,https://remoteok.com/l/102525
Flightradar24,Senior C++ Developer,CET +â€“ 3 Hours,https://remoteok.com/l/102386
Argyle,Software Engineer,ğŸŒ Worldwide,https://remoteok.com/l/102320
Doximity,Sr Software Engineer Data Infra,ğŸ‡ºğŸ‡¸ US,https://remoteok.com/l/102138
Nav Inc,Backend Software Engineer,Usa,https://remoteok.com/l/102132
Splitgraph,Senior Software Engineer,ğŸŒ Worldwide,https://remoteok.com/l/102104
Mainvest,Software Engineer Full Stack,North America,https://remoteok.com/l/102003
DataKitchen,Manager Toolchain Software Engineering,ğŸŒ Worldwide,https://remoteok.com/l/101765
Argyle,Senior Backend Software Engineers,"Europe, South America, New Zealand, Australia, United States",https://remoteok.com/l/101553
Muck Rack,Senior Software Engineer,"United States, Canada, Poland, Bulgaria",https://remoteok.com/l/101485
Muck Rack,Senior Software Engineer,"United States, Canada, Poland, Bulgaria",https://remoteok.com/l/101377
Administrate,Senior Software Engineer,ğŸŒ Worldwide,https://remoteok.com/l/101155
Argyle,Software Engineer,"Europe, South America",https://remoteok.com/l/100929
The Linux Foundation,DevOps Software Engineer,ğŸŒ Worldwide,https://remoteok.com/l/100705
HelloMaaS,Full Stack Developer,ğŸŒ Worldwide,https://remoteok.com/l/100554
LearnCube,Web Developer,ğŸŒ Worldwide,https://remoteok.com/l/100457
NannyML,Senior Software Engineer,"Europe, Africa or the Middle East (Utc-2 to Utc+3)",https://remoteok.com/l/100441
Earning Together,Full Stack Developer,Americas Timezone,https://remoteok.com/l/100005
Toptal,Senior Developer,ğŸŒ Worldwide,https://remoteok.com/l/99898
Clarity Movement Co.,Senior Backend Developer,ğŸŒ Worldwide,https://remoteok.com/l/99896
komoot,Backend Developer Data Scientist,ğŸ‡ªğŸ‡º EU,https://remoteok.com/l/99798
PolySwarm,Senior Front End Developer,ğŸŒ Worldwide,https://remoteok.com/l/99794
JetBridge,Senior Software Engineer,North America and Eu-Time Zones Only,https://remoteok.com/l/99792
Very LLC,Sr Software Engineer React React Native,Continental US,https://remoteok.com/l/99730
InReach Ventures,Back End Developer,UK or Italy,https://remoteok.com/l/99530
Muck Rack,Senior Software Engineer,"United States, Canada, Poland, Bulgaria",https://remoteok.com/l/99378
Netdata Inc,Senior Software Engineer,ğŸŒ Worldwide,https://remoteok.com/l/99258
Coconut,Full Stack Developer,United Kingdom,https://remoteok.com/l/99168
Toptal,Freelance Backend Developer,ğŸŒ Worldwide,https://remoteok.com/l/99118
Prominent Edge,Lead Full Stack Software Engineer,ğŸ‡ºğŸ‡¸ US,https://remoteok.com/l/97397
Fjelltopp,Full Stack Python JavaScript Developer,ğŸŒ Worldwide,https://remoteok.com/l/97053
Doximity,Software Engineer Security,North America,https://remoteok.com/l/86398
Mainvest,Django Developer,ğŸ‡ºğŸ‡¸ US,https://remoteok.com/l/86390
"PrintWithMe, Inc.",Software Engineer,ğŸ‡ºğŸ‡¸ US,https://remoteok.com/l/86265
Backtracks.fm,Python Developer,ğŸŒ Worldwide,https://remoteok.com/l/86257
Toptal,Freelance Python Developer,ğŸŒ Worldwide,https://remoteok.com/l/85053
WP Media,DevOps Python Django SaaS Developer,ğŸŒ Worldwide,https://remoteok.com/l/84795
Remotesome,Senior Python Developer,ğŸŒ Worldwide,https://remoteok.com/l/84524
Kokoon Technology Ltd,Lead Backend Developer,ğŸ‡ªğŸ‡º EU,https://remoteok.com/l/84313
Jetcake,Backend Developer,United States or Canada Only,https://remoteok.com/l/83559
Atlastix,ELK Stack Developer,ğŸŒ Worldwide,https://remoteok.com/l/77164
Wildfish,Full Stack Django Developer,ğŸ‡ªğŸ‡º EU,https://remoteok.com/l/77074
REPAY,Full Stack Developer,ğŸ‡ºğŸ‡¸ US,https://remoteok.com/l/77035
Doximity,Software Engineer Full Stack,North America,https://remoteok.com/l/76493
Iterative,Senior Software Engineer,ğŸŒ Worldwide,https://remoteok.com/l/76126
MVPF,Developer Senior Developer,ğŸ‡ªğŸ‡º EU,https://remoteok.com/l/75960
GooseChase,Full Stack Web Developer,ğŸŒ Worldwide,https://remoteok.com/l/75932
Pupil Labs,Senior Full Stack Developer,ğŸŒ Worldwide,https://remoteok.com/l/75838
PolySwarm,Senior Full Stack Developer,ğŸŒ Worldwide,https://remoteok.com/l/75742
Specula.io,Full Stack Developer Fully Startup,ğŸ‡ªğŸ‡º EU,https://remoteok.com/l/75688
PolySwarm,Senior Front End Developer,ğŸŒ Worldwide,https://remoteok.com/l/75673
Snowdrop,Senior Software Engineer,ğŸ‡ªğŸ‡º EU,https://remoteok.com/l/75658
SilviaTerra,Full Stack Developer,ğŸ‡ºğŸ‡¸ US,https://remoteok.com/l/75473
Doximity,Software Engineer Data,North America,https://remoteok.com/l/74936
Fraym,Full Stack Software Engineer,"United States, Germany",https://remoteok.com/l/74444
WeTravel,Senior Backend Developer,ğŸŒ Worldwide,https://remoteok.com/l/74163
AlphaSights,Software Engineer,Brazil,https://remoteok.com/l/73979
Circuit Stream,Sr Full Stack Developer Django,ğŸŒ Worldwide,https://remoteok.com/l/73837
Soshace,Python Back End Web Developer,ğŸŒ Worldwide,https://remoteok.com/l/73701
SlashData,Full Stack Software Engineer,ğŸ‡ªğŸ‡º EU,https://remoteok.com/l/73663
Doximity,Software Engineer Data,ğŸ‡ºğŸ‡¸ US,https://remoteok.com/l/73235
Close,Senior Software Engineer Backend,Americas or European Time Zone,https://remoteok.com/l/72794
causaLens,Senior Python Developer,ğŸ’° $65k - $120k*,https://remoteok.com/l/72638
PolySwarm,Full Stack Developer,ğŸ’° $70k - $135k*,https://remoteok.com/l/72406
Pupil Labs,Senior Full Stack Developer,ğŸ’° $60k - $120k*,https://remoteok.com/l/72045
Doximity,Software Engineer Service Reliability,North America,https://remoteok.com/l/71432
Doximity,Software Engineer Ruby & JavaScript,North America,https://remoteok.com/l/71367
Doximity,Software Engineer Data,North America,https://remoteok.com/l/71325
Codelitt,Senior Full Stack Developer with React Experience,ğŸ’° $60k - $120k*,https://remoteok.com/l/71132
Hubbub,Lead Software Engineer,"UK, Europe, USA",https://remoteok.com/l/71202
MADE.com,Python Developer,ğŸ’° $60k - $120k*,https://remoteok.com/l/70764
Tao Leadership,Web Developer,"Newcastle, UK",https://remoteok.com/l/70590
Circuit Stream,Backend Web Developer,ğŸ’° $60k - $120k*,https://remoteok.com/l/70003
Codelitt,Full Stack Developer with React Experience,ğŸ’° $60k - $120k*,https://remoteok.com/l/69888
Doximity,Senior Software Engineer Python,ğŸ’° $60k - $120k*,https://remoteok.com/l/69245
Soshace,Python Back End Web Developer,ğŸ’° $60k - $120k*,https://remoteok.com/l/69076
Upstack Technologies Inc.,Full Stack Developer,ğŸ’° $60k - $120k*,https://remoteok.com/l/69034
OpenCraft,Open Source Developer & DevOps,ğŸ’° $60k - $120k*,https://remoteok.com/l/69030
GeoComm,Senior Software Engineer Security Video Integration,ğŸ’° $70k - $120k*,https://remoteok.com/l/68982
Screenly,Front End and Python Developer,ğŸ’° $60k - $120k*,https://remoteok.com/l/68892
Property Meld,Senior Software Engineer,North America,https://remoteok.com/l/68749
Merchbar,Full Stack Software Engineer,ğŸ’° $60k - $120k*,https://remoteok.com/l/68296
Comparamais,Full Stack Developer Tech Lead,ğŸ’° $60k - $115k*,https://remoteok.com/l/68195
YMN GROUP,Python Senior Developer,ğŸ’° $60k - $120k*,https://remoteok.com/l/68169
4D Pipeline,Experienced 3D Software Engineers for Awesome Cutting Edge Projects,ğŸ’° $75k - $120k*,https://remoteok.com/l/67948
Kangaroo,Python Backend Developer WrocÅ‚aw PL,ğŸ’° $60k - $120k*,https://remoteok.com/l/67857
Property Meld,Backend Developer,North America,https://remoteok.com/l/67736
Thresher,Software Developer,ğŸ’° $60k - $120k*,https://remoteok.com/l/67669
Niteo,An Enthusiastic Python Developer,ğŸ’° $60k - $120k*,https://remoteok.com/l/67565
Unipart Digital,Python Software Engineer,ğŸ’° $65k - $120k*,https://remoteok.com/l/67036
Upstack,Full Stack Developer,ğŸ’° $60k - $120k*,https://remoteok.com/l/66985
Doximity,Software Engineer Data,ğŸ’° $70k - $120k*,https://remoteok.com/l/66292
Blockstack,Full Stack Developer,ğŸ’° $60k - $120k*,https://remoteok.com/l/66203
Property Meld,Full Stack Developer,ğŸ’° $60k - $120k*,https://remoteok.com/l/65954
GetTechTalent,Django Developer,ğŸ’° $60k - $120k*,https://remoteok.com/l/65861
MADE.com,Python Developer,ğŸ’° $65k - $120k*,https://remoteok.com/l/65850
Canonical,Senior Software Engineer,ğŸ’° $70k - $120k*,https://remoteok.com/l/65587
Croscon,Python Web Developer,ğŸ’° $60k - $120k*,https://remoteok.com/l/65582
Canonical,Software Engineer Openstack,ğŸ’° $73k - $120k*,https://remoteok.com/l/65522
StudioH67,Backend Python Developer,ğŸ’° $60k - $120k*,https://remoteok.com/l/64402
PageFreezer,Python Software Engineer,ğŸ’° $65k - $120k*,https://remoteok.com/l/63695
Smartplan,Python Web Developer,ğŸ’° $60k - $120k*,https://remoteok.com/l/63667
X-Team,Python Developer,ğŸ’° $60k - $120k*,https://remoteok.com/l/62437
MADE.com,Python Developer,ğŸ’° $70k - $120k*,https://remoteok.com/l/62392
ezhome Inc.,Web Developer,ğŸ’° $60k - $120k*,https://remoteok.com/l/62229
ezhome Inc.,Software Engineer Fulfillment Team,ğŸ’° $65k - $120k*,https://remoteok.com/l/62227
Articheck,Senior Django Developer,ğŸ’° $60k - $120k*,https://remoteok.com/l/62165
SmileDirectClub,Senior Python Developer,ğŸ’° $60k - $120k*,https://remoteok.com/l/61808
Articheck,Senior Django Developer,ğŸ’° $60k - $120k*,https://remoteok.com/l/59647
Geektastic,Code Challenge Reviewer,ğŸ’° $60k - $120k*,https://remoteok.com/l/29949
Cipher Tech Solutions,Python Web Application Developer,ğŸ’° $60k - $120k*,https://remoteok.com/l/107537
Ambient,Python Entwickler*in,ğŸ’° $60k - $120k*,https://remoteok.com/l/106941
Werum IT Solutions -yght Data Science,Python Backend Developer,ğŸ’° $60k - $120k*,https://remoteok.com/l/103614
Ambient Innovation,Senior Python Developer,ğŸ’° $60k - $120k*,https://remoteok.com/l/101685
RavenPack International SL,Python Web Developer,ğŸ’° $60k - $120k*,https://remoteok.com/l/100836
Adspert  Bidmanagement,Senior Python Developer,ğŸ’° $60k - $120k*,https://remoteok.com/l/98409
Seez,Independent Self Motivated Python Backend Developer,ğŸ’° $60k - $120k*,https://remoteok.com/l/85325
Exputec,Python Backend Developer,ğŸ’° $60k - $120k*,https://remoteok.com/l/83854
Moasis Global,Go Python Fullstack Developer,ğŸ’° $60k - $120k*,https://remoteok.com/l/60865
