title,company,location,link
Senior Backend Engineer (Python/Django) (m/f/d),Motius GmbH,"Belgrad, Serbien",https://stackoverflow.com/jobs/566601/senior-backend-engineer-python-django-m-f-d-motius-gmbh
Backend Engineering Manager (Python) - Spekit - High Growth Series A Startup,SpekitviaSource Coders,No office location,https://stackoverflow.com/jobs/566634/backend-engineering-manager-python-spekit-spekit
Software Developer (Python),Picnic,"Amsterdam, Netherlands",https://stackoverflow.com/jobs/292346/software-developer-python-picnic
Python Developer suchen Kollegen (m/w/d),solute GmbH,"Karlsruhe, Deutschland",https://stackoverflow.com/jobs/284443/python-developer-suchen-kollegen-m-w-d-solute-gmbh
Python Software Engineer,Captivation Software,"Fort Meade, MD",https://stackoverflow.com/jobs/525426/python-software-engineer-captivation-software
Backend Software Engineer - Python,Hubs,"Amsterdam, Netherlands",https://stackoverflow.com/jobs/543394/backend-software-engineer-python-hubs
Python Data Engineer,Tech City Labs,"Reading, UK",https://stackoverflow.com/jobs/566099/python-data-engineer-tech-city-labs
Python/Django Developer (m/f/d),social sweethearts® GmbH,No office location,https://stackoverflow.com/jobs/566615/python-django-developer-m-f-d-social-sweethearts-gmbh
"Senior Software Engineer, Python",Chaturbate,"San Francisco, CA",https://stackoverflow.com/jobs/566183/senior-software-engineer-python-chaturbate
Python Engineer,McD Tech Labs,"Mountain View, CA",https://stackoverflow.com/jobs/534766/python-engineer-mcd-tech-labs
Python Developer (Remote),X-Team,No office location,https://stackoverflow.com/jobs/534454/python-developer-remote-x-team
Fullstack Engineer II (Python/Django/React),StyleSeat,No office location,https://stackoverflow.com/jobs/554278/fullstack-engineer-ii-python-django-react-styleseat
Python Software Engineer - International growing scale-up!,Channable,"Utrecht, Netherlands",https://stackoverflow.com/jobs/265091/python-software-engineer-international-growing-channable
Python Entwickler*in Remote (f/m/d),Ambient,"Köln, Deutschland",https://stackoverflow.com/jobs/493874/python-entwickler-in-remote-f-m-d-ambient
"Tech Lead, Python Systems Engineering",McD Tech Labs,"Mountain View, CA",https://stackoverflow.com/jobs/523801/tech-lead-python-systems-engineering-mcd-tech-labs
Python Engineer for Climate Change - Budapest,MSCI,"Budapest, Hungary",https://stackoverflow.com/jobs/566493/python-engineer-for-climate-change-budapest-msci
Senior Software Developer Python (m/f/d),Ströer Online Marketing,"Hamburg, Deutschland",https://stackoverflow.com/jobs/462625/senior-software-developer-python-m-f-d-str%C3%B6er-online-marketing
Python Developer (Remote),Finsera,No office location,https://stackoverflow.com/jobs/524065/python-developer-remote-finsera
Sr. Full Stack Engineer- Python,AutoTrader,"Toronto, ON, Canada",https://stackoverflow.com/jobs/529021/sr-full-stack-engineer-python-autotrader
Python Engineer,Intel Corporation,"Gdańsk, Poland",https://stackoverflow.com/jobs/529943/python-engineer-intel-corporation
Senior Python/Django Fullstack Developer (m/f/d) - On-site or Remote,social sweethearts® GmbH,"München, Deutschland",https://stackoverflow.com/jobs/566738/senior-python-django-fullstack-developer-m-f-d-social-sweethearts-gmbh
"Full Stack Developer - Python, Postgres, Vue.js / React (m/f/d)",JobNinja GmbH,"München, Deutschland",https://stackoverflow.com/jobs/566788/full-stack-developer-python-postgres-vuejs-jobninja-gmbh
Senior Software Engineer (Python),HENNGE K.K.,"Tokyo, Japan",https://stackoverflow.com/jobs/555511/senior-software-engineer-python-hennge-kk
Senior Full Stack Engineer (Python/JavaScript),Night Market,No office location,https://stackoverflow.com/jobs/566448/senior-full-stack-engineer-python-javascript-night-market
Python-Entwickler (w/m/d),parcIT GmbH,"Köln, Germany",https://stackoverflow.com/jobs/566326/python-entwickler-w-m-d-parcit-gmbh
"Software Engineer, Python&TypeScript",Chaturbate,No office location,https://stackoverflow.com/jobs/566212/software-engineer-python-typescript-chaturbate
Software Engineer (Python AWS),Wizeline,"Phường 12 (Quận 10), Vietnam",https://stackoverflow.com/jobs/487852/software-engineer-python-aws-wizeline
"Data Engineer (Python, ETL)",Finsera,No office location,https://stackoverflow.com/jobs/536631/data-engineer-python-etl-finsera
Full Stack Engineer (Mid-level - Python/JavaScript),Night Market,No office location,https://stackoverflow.com/jobs/566449/full-stack-engineer-mid-level-python-night-market
"Senior IoT Software Engineer (M/W/D/) Python, C++",VISPIRON CHARGE-V GmbH,"München, Deutschland",https://stackoverflow.com/jobs/524044/senior-iot-software-engineer-m-w-d-python-c-plus-plus-vispiron-charge-v-gmbh
"Fullstack Software Entwickler - Python, .NET (m/w/d)",Comline Computer + Softwarelösungen SE,"Hamburg, Deutschland",https://stackoverflow.com/jobs/566662/fullstack-software-entwickler-python-net-m-w-comline-computer-plus
Software Engineer - Machine Learning Team (Python/C++) (m/w/d),Volume Graphics GmbH,"Heidelberg, Deutschland",https://stackoverflow.com/jobs/550558/software-engineer-machine-learning-team-python-volume-graphics-gmbh
"Junior IoT Developer (M/W/D) Python, C++",VISPIRON CHARGE-V GmbH,"München, Deutschland",https://stackoverflow.com/jobs/548810/junior-iot-developer-m-w-d-python-c-plus-plus-vispiron-charge-v-gmbh
Senior Python Backend Engineer (Site Reliability Engineering) (f/m/d),Delivery Hero SE,"Berlin, Germany",https://stackoverflow.com/jobs/566684/senior-python-backend-engineer-site-reliability-delivery-hero-se
"Python Developer, REMOTE",Pentalog,No office location,https://stackoverflow.com/jobs/566579/python-developer-remote-pentalog
Software Engineer (Python Data Stack) (m/f/d),QuantCo,"Karlsruhe, Germany",https://stackoverflow.com/jobs/349976/software-engineer-python-data-stack-m-f-d-quantco
"Senior Python Software Developer (m/f/d) @ our Partner ADSPERT (Berlin, remote)",solute GmbH,"Berlin, Deutschland",https://stackoverflow.com/jobs/547853/senior-python-software-developer-m-f-d-our-solute-gmbh
Lead Software Engineer - Python Focus Big Loop Systems (m/f/d),CARIAD,"Ingolstadt, Germany",https://stackoverflow.com/jobs/566377/lead-software-engineer-python-focus-big-loop-cariad
"IoT / Java, Python Entwickler (w/m/d) - bundesweit & Homeoffice",objective partner AG,"Weinheim, Deutschland",https://stackoverflow.com/jobs/550882/iot-java-python-entwickler-w-m-d-objective-partner-ag
"Senior Data Engineer (Python, Kafka, Airflow)",AMBOSS,"Berlin, Germany",https://stackoverflow.com/jobs/415218/senior-data-engineer-python-kafka-airflow-amboss
"Insider Threat Engineer, Remote, Banking, Finance, Python, information security",MUFG,No office location,https://stackoverflow.com/jobs/566297/insider-threat-engineer-remote-banking-finance-mufg
"Senior .Net Developer for ML, Computer Vision and Python Algorithm development",MapLarge,No office location,https://stackoverflow.com/jobs/165235/senior-net-developer-for-ml-computer-vision-and-maplarge
DevOps Engineer with interesting scale up challenges,Channable,"Utrecht, Netherlands",https://stackoverflow.com/jobs/500253/devops-engineer-with-interesting-scale-up-channable
C++/C Engineers required for leading Engineering company to work in Ireland.,"Arista Networks, Inc","Dublin 1, Ireland",https://stackoverflow.com/jobs/149576/c-plus-plus-c-engineers-required-for-leading-engineering-arista-networks-inc
"Software Engineer, Backend",SmartNews,"Shibuya City, Japan",https://stackoverflow.com/jobs/208334/software-engineer-backend-smartnews
Backend Developer,Octopus Energy,"London, UK",https://stackoverflow.com/jobs/197943/backend-developer-octopus-energy
Senior/Staff Software Engineer,Coda Payments,No office location,https://stackoverflow.com/jobs/566756/senior-staff-software-engineer-coda-payments
Software Engineer – Backend for FinTech Startup,Electrolux,"Stockholm, Sweden",https://stackoverflow.com/jobs/566720/software-engineer-backend-for-fintech-startup-electrolux
"Frontend Software Engineer, Business Integrity",ByteDance,Singapore,https://stackoverflow.com/jobs/553035/frontend-software-engineer-business-integrity-bytedance
Backend Engineer - all levels at sustainable start-up (m/f/x)-Munich or Remote,FINN,"München, Germany",https://stackoverflow.com/jobs/331741/backend-engineer-all-levels-at-sustainable-finn
Women in Tech - all levels at sustainable start-up (f/x) - Munich or Remote,FINN,No office location,https://stackoverflow.com/jobs/565648/women-in-tech-all-levels-at-sustainable-start-finn
"Software Engineer, Python&TypeScript",Chaturbate,No office location,https://stackoverflow.com/jobs/566212/software-engineer-python-typescript-chaturbate
"Full Stack Software Engineer, Business Integrity",ByteDance,Singapore,https://stackoverflow.com/jobs/553099/full-stack-software-engineer-business-integrity-bytedance
Senior/Staff Software Engineer,Coda Payments,No office location,https://stackoverflow.com/jobs/566756/senior-staff-software-engineer-coda-payments
"Frontend Software Engineer, Business Integrity",ByteDance,Singapore,https://stackoverflow.com/jobs/553035/frontend-software-engineer-business-integrity-bytedance
Cloud Engineer - Remote/On-Site,eLearning Industry,"Athens, Greece",https://stackoverflow.com/jobs/566140/cloud-engineer-remote-on-site-elearning-industry
Software Engineer - Backend (d/f/m),Stylight,"München, Deutschland",https://stackoverflow.com/jobs/566055/software-engineer-backend-d-f-m-stylight
Software Developer Frontend / fullstack (all genders),meteocontrol GmbH,"Augsburg, Deutschland",https://stackoverflow.com/jobs/566507/software-developer-frontend-fullstack-all-meteocontrol-gmbh
C/C++ Developer - All Levels,"Cipher Tech Solutions, Inc","Vienna, VA",https://stackoverflow.com/jobs/566770/c-c-plus-plus-developer-all-levels-cipher-tech-solutions-inc
Senior Full Stack Software Engineer,kaliber.ai,No office location,https://stackoverflow.com/jobs/251476/senior-full-stack-software-engineer-kaliberai
(Senior) Data Engineer (all genders),Elinvar GmbH,"Berlin, Germany",https://stackoverflow.com/jobs/566723/senior-data-engineer-all-genders-elinvar-gmbh
Django Engineer (m/f/d) for Germany's leading local marketing platform,RegioHelden GmbH,"Stuttgart, Germany",https://stackoverflow.com/jobs/566661/django-engineer-m-f-d-for-germanys-leading-regiohelden-gmbh
Software Engineer in Test,McD Tech Labs,"Mountain View, CA",https://stackoverflow.com/jobs/523806/software-engineer-in-test-mcd-tech-labs
Tech Lead Engineering at sustainable start-up (m/f/x) - Munich/Remote,FINN,"München, Germany",https://stackoverflow.com/jobs/541678/tech-lead-engineering-at-sustainable-start-up-m-finn
Women in Leadership Tech -all levels at sustainable start-up (f/x) Munich/Remote,FINN,"München, Germany",https://stackoverflow.com/jobs/566709/women-in-leadership-tech-all-levels-at-finn
Front End Software Engineer – HPC Products,DUG Technology,"West Perth, Australia",https://stackoverflow.com/jobs/528137/front-end-software-engineer-hpc-products-dug-technology
Full-Stack Software Engineer (C# + .NET 6 / React + Typescript) (f/m/d),HeidelbergCement AG,"Heidelberg, Deutschland",https://stackoverflow.com/jobs/559624/full-stack-software-engineer-c-sharp-plus-net-6-react-heidelbergcement-ag
"Backend Software Engineer, Video Infrastructure",ByteDance,Singapore,https://stackoverflow.com/jobs/547751/backend-software-engineer-video-infrastructure-bytedance
"Full-Stack Developer, Research & Development",Houston Astros Baseball R&D,"Houston, TX",https://stackoverflow.com/jobs/536288/full-stack-developer-research-development-houston-astros-baseball-r-d
Remote Fullstack Entwicklerin (m/w/d),Ambient,"Köln, Deutschland",https://stackoverflow.com/jobs/552969/remote-fullstack-entwicklerin-m-w-d-ambient
Full Stack Web Developer (m/w/d),solute GmbH,"Karlsruhe, Deutschland",https://stackoverflow.com/jobs/556141/full-stack-web-developer-m-w-d-solute-gmbh
Software Engineer (Monitoring System) - Working in Japan,LINE Fukuoka,"Fukuoka, Japan",https://stackoverflow.com/jobs/273841/software-engineer-monitoring-system-working-line-fukuoka
Lead Full-Stack Software Engineer (Tech Lead) (f/m/d),HeidelbergCement AG,"Heidelberg, Deutschland",https://stackoverflow.com/jobs/557326/lead-full-stack-software-engineer-tech-lead-f-heidelbergcement-ag
"Backend Software Engineer, Business Integrity",ByteDance,Singapore,https://stackoverflow.com/jobs/553036/backend-software-engineer-business-integrity-bytedance
"Backend Software Engineer, Customer Service Platform",ByteDance,Singapore,https://stackoverflow.com/jobs/529048/backend-software-engineer-customer-service-bytedance
C++ Software Engineer - Amsterdam,IMC Trading,"Amsterdam, Netherlands",https://stackoverflow.com/jobs/126614/c-plus-plus-software-engineer-amsterdam-imc-trading
Front-End Software Engineer,HENNGE K.K.,"Tokyo, Japan",https://stackoverflow.com/jobs/381280/front-end-software-engineer-hennge-kk
Software Engineer (Monitoring System) - Working in Japan,LINE Fukuoka,"Fukuoka, Japan",https://stackoverflow.com/jobs/273841/software-engineer-monitoring-system-working-line-fukuoka
Computer Vision Scientist (all genders),ImFusion GmbH,"Munich, Germany",https://stackoverflow.com/jobs/566753/computer-vision-scientist-all-genders-imfusion-gmbh
"Backend Software Engineer, Business Integrity",ByteDance,Singapore,https://stackoverflow.com/jobs/553036/backend-software-engineer-business-integrity-bytedance
Full Stack Developer (m/f/d) – Product Team,Boehringer Ingelheim,"Wien, Österreich",https://stackoverflow.com/jobs/566017/full-stack-developer-m-f-d-product-team-boehringer-ingelheim
(Senior) Data Scientist – Marketing & Product (all genders),Goodgame Studios,No office location,https://stackoverflow.com/jobs/566766/senior-data-scientist-marketing-product-goodgame-studios
Backend Software Engineer - Trust and Safety Engineering,ByteDance,Singapore,https://stackoverflow.com/jobs/546396/backend-software-engineer-trust-and-safety-bytedance
Remote Software Engineer Internship,HENNGE K.K.,No office location,https://stackoverflow.com/jobs/518082/remote-software-engineer-internship-hennge-kk
"Software Engineer, Platform Infrastructure",SmartNews,"Shibuya City, Japan",https://stackoverflow.com/jobs/448299/software-engineer-platform-infrastructure-smartnews
System Engineer (f/m/d) Kubernetes,ADITION technologies AG,"Freiburg im Breisgau, Deutschland",https://stackoverflow.com/jobs/525462/system-engineer-f-m-d-kubernetes-adition-technologies-ag
"Senior Software Developer, REMOTE",Pentalog,No office location,https://stackoverflow.com/jobs/566592/senior-software-developer-remote-pentalog
Full Stack Engineer Intern,Odoo,"Buffalo, NY",https://stackoverflow.com/jobs/566730/full-stack-engineer-intern-odoo
Software Engineer in Test,Esri,"Redlands, CA",https://stackoverflow.com/jobs/561053/software-engineer-in-test-esri
Control Software Designer C++,Topic Embedded Systems B.V.,"Best, Netherlands",https://stackoverflow.com/jobs/566736/control-software-designer-c-plus-plus-topic-embedded-systems-bv
"Full-Stack Developer (JavaScript, Node.JS) - REMOTE",MUFG,No office location,https://stackoverflow.com/jobs/566296/full-stack-developer-javascript-nodejs-mufg
Software Engineer,The Orchard,"London, UK",https://stackoverflow.com/jobs/543314/software-engineer-the-orchard
Software Entwickler (m/w/d),NOVOMATIC AG,"Gumpoldskirchen, Österreich",https://stackoverflow.com/jobs/554829/software-entwickler-m-w-d-novomatic-ag
Software Engineer,Odoo,"Ciudad de México, Mexico",https://stackoverflow.com/jobs/472421/software-engineer-odoo
"Lead Software Engineer, atma.io",atma.io,No office location,https://stackoverflow.com/jobs/566393/lead-software-engineer-atmaio-atmaio
"Software Engineering, VP - New York, NY - Banking - Finance - JAVA - AWS - AZURE",MUFG,"New York, NY",https://stackoverflow.com/jobs/566312/software-engineering-vp-new-york-ny-banking-mufg
Software Engineer,SUSE,No office location,https://stackoverflow.com/jobs/514397/software-engineer-suse
Remote Sr. Frontend Architect (React) - Spekit - High Growth Series B Startup,SpekitviaSource Coders,No office location,https://stackoverflow.com/jobs/566565/remote-sr-frontend-architect-react-spekit-spekit
Staff Site Reliability Engineer,McD Tech Labs,"Mountain View, CA",https://stackoverflow.com/jobs/534770/staff-site-reliability-engineer-mcd-tech-labs
"Softwarearchitekt Digitale Signalverarbeitung, Software Defined Radio (m/w/d)",Rheinmetall,"Bremen, Deutschland",https://stackoverflow.com/jobs/560043/softwarearchitekt-digitale-signalverarbeitung-rheinmetall
Senior Software Engineer - tripleup.com,Triple for Numo,"Pittsburgh, PA",https://stackoverflow.com/jobs/545291/senior-software-engineer-tripleupcom-triple-for-numo
Staff Site Reliability Engineer,McD Tech Labs,"Mountain View, CA",https://stackoverflow.com/jobs/534770/staff-site-reliability-engineer-mcd-tech-labs
Software Engineer Frontend/Fullstack - Media & Services Hub (m/f/d),HolidayCheck Group AG,"München, Deutschland",https://stackoverflow.com/jobs/559404/software-engineer-frontend-fullstack-media-holidaycheck-group-ag
"Backend Tech Lead, Customer Service Platform",ByteDance,Singapore,https://stackoverflow.com/jobs/546681/backend-tech-lead-customer-service-platform-bytedance
System Engineer (m/w/d) Kubernetes/OpenShift,German Edge Cloud GmbH & Co. KG,"Limburg an der Lahn, Deutschland",https://stackoverflow.com/jobs/539732/system-engineer-m-w-d-kubernetes-openshift-german-edge-cloud-gmbh-co
Lead Data Scientist,Singapore Innovate Pte. Ltd,Singapore,https://stackoverflow.com/jobs/565885/lead-data-scientist-singapore-innovate-pte-ltd
(Senior) Backend Engineer (m/w/d) - Trufa,Deloitte Deutschland,"Düsseldorf, Deutschland",https://stackoverflow.com/jobs/545254/senior-backend-engineer-m-w-d-trufa-deloitte-deutschland
Software Architect Lead,WeLab Bank Limited,Hong Kong,https://stackoverflow.com/jobs/565713/software-architect-lead-welab-bank-limited
"DevOps Engineer, REMOTE",Pentalog,No office location,https://stackoverflow.com/jobs/566578/devops-engineer-remote-pentalog
Web Systems Engineer - HPC Products,DUG Technology,"West Perth, Australia",https://stackoverflow.com/jobs/528138/web-systems-engineer-hpc-products-dug-technology
(Senior) Android Software Developer - Munich,Paradox Cat GmbH,"München, Deutschland",https://stackoverflow.com/jobs/181583/senior-android-software-developer-munich-paradox-cat-gmbh
Software Engineering Manager,iptiQ by Swiss Re,"Hoofddorp, Netherlands",https://stackoverflow.com/jobs/472051/software-engineering-manager-iptiq-by-swiss-re
Solutions Architect | Senior Consultant | DevOps | Remote,Copado Strategic Services,No office location,https://stackoverflow.com/jobs/517847/solutions-architect-senior-consultant-devops-copado-strategic-services
Software Engineer (m/w/d) Automation,H-TEC SYSTEMS GmbH,"Augsburg, Deutschland",https://stackoverflow.com/jobs/566540/software-engineer-m-w-d-automation-h-tec-systems-gmbh
(Senior) Software Developer (m/w/d),Bundesdruckerei-Gruppe,"Berlin, Deutschland",https://stackoverflow.com/jobs/566743/senior-software-developer-m-w-d-bundesdruckerei-gruppe
"Software Engineer, Speech & Audio",ByteDance,Singapore,https://stackoverflow.com/jobs/553106/software-engineer-speech-audio-bytedance
Experienced Software Engineer,Outschool,No office location,https://stackoverflow.com/jobs/550915/experienced-software-engineer-outschool
Software Engineer,Odoo,"San Francisco, CA",https://stackoverflow.com/jobs/472407/software-engineer-odoo
(Junior) Data Engineer (m/f/x) onsite or remote (in Germany),Scalable Capital GmbH,"München, Deutschland",https://stackoverflow.com/jobs/516327/junior-data-engineer-m-f-x-onsite-or-remote-scalable-capital-gmbh
Entwickler Embedded Software (m/w/d),IHSE GmbH,"Oberteuringen, Deutschland",https://stackoverflow.com/jobs/566700/entwickler-embedded-software-m-w-d-ihse-gmbh
Software Design Engineer C#,Topic Embedded Systems B.V.,"Best, Netherlands",https://stackoverflow.com/jobs/566386/software-design-engineer-c-sharp-topic-embedded-systems-bv
Technical Writer (m/f/x) - Munich or Remote,FINN,"München, Germany",https://stackoverflow.com/jobs/566504/technical-writer-m-f-x-munich-or-remote-finn
"(Senior) Software Engineer, Embedded Systems (m/f/d)",tado GmbH,"München, Deutschland",https://stackoverflow.com/jobs/566734/senior-software-engineer-embedded-systems-m-f-tado-gmbh
Full Stack Engineer,Odoo,"San Francisco, CA",https://stackoverflow.com/jobs/524056/full-stack-engineer-odoo
(Senior) Backend Developer (f/m/d) Big Data,ADITION technologies AG,"Freiburg im Breisgau, Deutschland",https://stackoverflow.com/jobs/304655/senior-backend-developer-f-m-d-big-data-adition-technologies-ag
Senior Software Developer Engineer in Test (SDET) - WithMe Health,WithMe HealthviaSource Coders,No office location,https://stackoverflow.com/jobs/566744/senior-software-developer-engineer-in-test-sdet-withme-health
Senior Software Engineer,Stardog Union,No office location,https://stackoverflow.com/jobs/521448/senior-software-engineer-stardog-union
Full Stack Engineer,Odoo,"Buffalo, NY",https://stackoverflow.com/jobs/558069/full-stack-engineer-odoo
"Backend Tech Lead, Customer Service Platform",ByteDance,Singapore,https://stackoverflow.com/jobs/553813/backend-tech-lead-customer-service-platform-bytedance
Java Software Engineer,IMC Trading,"Amsterdam, Netherlands",https://stackoverflow.com/jobs/122570/java-software-engineer-imc-trading
Software Integration AI Engineer,Intel Corporation,"George Town, Malaysia",https://stackoverflow.com/jobs/552554/software-integration-ai-engineer-intel-corporation
Entwickler Embedded Software (m/w/d),IHSE GmbH,"Oberteuringen, Deutschland",https://stackoverflow.com/jobs/566700/entwickler-embedded-software-m-w-d-ihse-gmbh
Technical Writer (m/f/x) - Munich or Remote,FINN,"München, Germany",https://stackoverflow.com/jobs/566504/technical-writer-m-f-x-munich-or-remote-finn
"Senior Manager of Software Engineering, Data Platform (Remote Eligible)",Flyr Inc,"Los Angeles, CA",https://stackoverflow.com/jobs/530715/senior-manager-of-software-engineering-data-flyr-inc
Data Engineer for Insurtech Startup,iptiQ by Swiss Re,"Hoofddorp, Netherlands",https://stackoverflow.com/jobs/471200/data-engineer-for-insurtech-startup-iptiq-by-swiss-re
Web-Developer-Backend (m/w/d) heise online,Heise Medien GmbH & Co. KG,"Hannover, Deutschland",https://stackoverflow.com/jobs/566792/web-developer-backend-m-w-d-heise-online-heise-medien-gmbh-co-kg
Back-End Software Engineer,HENNGE K.K.,"Tokyo, Japan",https://stackoverflow.com/jobs/380985/back-end-software-engineer-hennge-kk
Senior Software Engineer Fullstack Java (m/w/d),SCHUFA Holding AG,"Wiesbaden, Deutschland",https://stackoverflow.com/jobs/566435/senior-software-engineer-fullstack-java-m-w-d-schufa-holding-ag
Senior Software Engineer - Data Lake,Mimecast,"London, UK",https://stackoverflow.com/jobs/558739/senior-software-engineer-data-lake-mimecast
(Senior) Frontend Engineer (m/w/d) - Trufa,Deloitte Deutschland,"Düsseldorf, Deutschland",https://stackoverflow.com/jobs/533749/senior-frontend-engineer-m-w-d-trufa-deloitte-deutschland
*REMOTE* Lead (Senior) Kotlin & Java Engineer (m/f/x) High-Load Search-Engine,"AVANTGARDE - ""Creating Fans""",No office location,https://stackoverflow.com/jobs/529656/remote-lead-senior-kotlin-java-engineer-m-avantgarde-creating-fans
Software Entwickler*innen / Programmierer*innen,PNDetector GmbH,"München, Deutschland",https://stackoverflow.com/jobs/566513/software-entwickler-innen-programmierer-innen-pndetector-gmbh
Software Engineer (m/w/d),Bühler Motor Aviation GmbH,"Uhldingen-Mühlhofen, Deutschland",https://stackoverflow.com/jobs/566574/software-engineer-m-w-d-b%C3%BChler-motor-aviation-gmbh
Werkstudent Software Engineering Data & ML (m/w/d),QuantCo,"Karlsruhe, Deutschland",https://stackoverflow.com/jobs/328986/werkstudent-software-engineering-data-ml-m-w-d-quantco
Fullstack Developer (m/w/d),German Edge Cloud GmbH & Co. KG,"Limburg an der Lahn, Deutschland",https://stackoverflow.com/jobs/539736/fullstack-developer-m-w-d-german-edge-cloud-gmbh-co
Site Reliability Engineer - Infrastructure Engineering,ByteDance,Singapore,https://stackoverflow.com/jobs/553810/site-reliability-engineer-infrastructure-bytedance
"Software Engineer Lead, Vice President - New York, NY - Banking - Financial",MUFG,"New York, NY",https://stackoverflow.com/jobs/566310/software-engineer-lead-vice-president-new-york-mufg
Build Engineer - New Sci-Fi FPS IP,Creative Assembly,"Horsham, UK",https://stackoverflow.com/jobs/566137/build-engineer-new-sci-fi-fps-ip-creative-assembly
(Senior) Data Visualisation Engineer (m/w/d),Bundesdruckerei-Gruppe,"Berlin, Deutschland",https://stackoverflow.com/jobs/566760/senior-data-visualisation-engineer-m-w-d-bundesdruckerei-gruppe
"Testing Software Engineer, TikTok e-Commerce",ByteDance,Singapore,https://stackoverflow.com/jobs/533132/testing-software-engineer-tiktok-e-commerce-bytedance
(Senior) Software Engineer- ADAS &amp; AD (m/f/d),CARIAD,"Munich, Germany",https://stackoverflow.com/jobs/566563/senior-software-engineer-adas-amp-ad-m-f-d-cariad
(Senior) Data Visualisation Engineer (m/w/d),Bundesdruckerei-Gruppe,"Berlin, Deutschland",https://stackoverflow.com/jobs/566760/senior-data-visualisation-engineer-m-w-d-bundesdruckerei-gruppe
Site Reliability Engineer,Zattoo,"Berlin, Germany",https://stackoverflow.com/jobs/565748/site-reliability-engineer-zattoo
Technical Support Engineer,Odoo,"San Francisco, CA",https://stackoverflow.com/jobs/558070/technical-support-engineer-odoo
Senior Backend Engineer,McD Tech Labs,"Mountain View, CA",https://stackoverflow.com/jobs/523791/senior-backend-engineer-mcd-tech-labs
Software Development Engineer in Test,Intel Corporation,"Bengaluru, India",https://stackoverflow.com/jobs/539336/software-development-engineer-in-test-intel-corporation
Software Engineer (HVM),Intel Corporation,"Kulim, Malaysia",https://stackoverflow.com/jobs/538188/software-engineer-hvm-intel-corporation
*REMOTE* Lead (Senior) Kotlin & Java Engineer (m/f/x) High-Load Search-Engine,"AVANTGARDE - ""Creating Fans""",No office location,https://stackoverflow.com/jobs/529656/remote-lead-senior-kotlin-java-engineer-m-avantgarde-creating-fans
"Senior Software Engineer, Trust, Education",Chan Zuckerberg Initiative,"Redwood City, CA",https://stackoverflow.com/jobs/537679/senior-software-engineer-trust-education-chan-zuckerberg-initiative
Associate Build Engineer - New Sci-Fi FPS IP,Creative Assembly,"Horsham, UK",https://stackoverflow.com/jobs/566796/associate-build-engineer-new-sci-fi-fps-ip-creative-assembly
JR0178225 OpenIPC Senior Software Engineer,Intel Corporation,"Hillsboro, OR",https://stackoverflow.com/jobs/542196/jr0178225-openipc-senior-software-engineer-intel-corporation
Software Engineer Java (m/w/d),SCHUFA Holding AG,No office location,https://stackoverflow.com/jobs/566457/software-engineer-java-m-w-d-schufa-holding-ag
"Software Engineer Lead, Vice President - New York, NY - Banking - Financial",MUFG,"New York, NY",https://stackoverflow.com/jobs/566310/software-engineer-lead-vice-president-new-york-mufg
Build/Release Engineer,Tausight,No office location,https://stackoverflow.com/jobs/556779/build-release-engineer-tausight
"Software Engineer, Infrastructure, Education",Chan Zuckerberg Initiative,"Redwood City, CA",https://stackoverflow.com/jobs/565977/software-engineer-infrastructure-education-chan-zuckerberg-initiative
Software Engineer - Networking Applications,Intel Corporation,"Bengaluru, India",https://stackoverflow.com/jobs/539242/software-engineer-networking-applications-intel-corporation
"Software Engineer, IoT Manufacturing (m/w/d)",tado GmbH,"München, Deutschland",https://stackoverflow.com/jobs/566735/software-engineer-iot-manufacturing-m-w-d-tado-gmbh
Data Engineer,McD Tech Labs,"Mountain View, CA",https://stackoverflow.com/jobs/523793/data-engineer-mcd-tech-labs
Senior Software Engineer - Material Analysis Team (C++) (m/w/d),Volume Graphics GmbH,"Heidelberg, Deutschland",https://stackoverflow.com/jobs/163095/senior-software-engineer-material-analysis-team-volume-graphics-gmbh
Software Defined Radio Developer,Captivation Software,"Aberdeen Proving Ground, MD",https://stackoverflow.com/jobs/316048/software-defined-radio-developer-captivation-software
"Senior Software Engineer, Data Services",Avature,"Herndon, VA",https://stackoverflow.com/jobs/566664/senior-software-engineer-data-services-avature
R&D Full Stack Software Engineer (Experienced),Sandia National Laboratories,"Albuquerque, NM",https://stackoverflow.com/jobs/566344/r-d-full-stack-software-engineer-experienced-sandia-national-laboratories
Full Stack Engineer,Zattoo,"Berlin, Germany",https://stackoverflow.com/jobs/565749/full-stack-engineer-zattoo
Senior Software Engineer (Java) – Analytics & Data Infrastructure Team,Mimecast,"London, UK",https://stackoverflow.com/jobs/558740/senior-software-engineer-java-analytics-mimecast
"Senior Software Engineer, Language",McD Tech Labs,"Mountain View, CA",https://stackoverflow.com/jobs/523798/senior-software-engineer-language-mcd-tech-labs
Frontend Engineer (m/w/d),QuantCo,"Karlsruhe, Deutschland",https://stackoverflow.com/jobs/553014/frontend-engineer-m-w-d-quantco
Full Stack Engineer,Zattoo,"Berlin, Germany",https://stackoverflow.com/jobs/565749/full-stack-engineer-zattoo
"Senior Software Engineer, Language",McD Tech Labs,"Mountain View, CA",https://stackoverflow.com/jobs/523798/senior-software-engineer-language-mcd-tech-labs
Software Validation Engineer,Intel Corporation,"Gdańsk, Poland",https://stackoverflow.com/jobs/529939/software-validation-engineer-intel-corporation
Junior Backend Engineer (m/f/d),Relayr,"Katowice, Poland",https://stackoverflow.com/jobs/551592/junior-backend-engineer-m-f-d-relayr
Senior Data Engineer (Fully Remote),Call Simulator,"Tallahassee, FL",https://stackoverflow.com/jobs/566182/senior-data-engineer-fully-remote-call-simulator
Software Developer (künstliche Intelligenz) - für E-Commerce Agentur in Bremen,hmmh multimediahaus AG,No office location,https://stackoverflow.com/jobs/529059/software-developer-k%C3%BCnstliche-intelligenz-f%C3%BCr-hmmh-multimediahaus-ag
Cloud Software Performance Engineer,Intel Corporation,"Hillsboro, OR",https://stackoverflow.com/jobs/528554/cloud-software-performance-engineer-intel-corporation
Data Engineer (Remote),X-Team,No office location,https://stackoverflow.com/jobs/534443/data-engineer-remote-x-team
"Software Engineer (Product Infrastructure), TikTok e-Commerce",ByteDance,Singapore,https://stackoverflow.com/jobs/533135/software-engineer-product-infrastructure-bytedance
Data Engineer,McD Tech Labs,"Mountain View, CA",https://stackoverflow.com/jobs/523793/data-engineer-mcd-tech-labs
Software Engineer,MUFG,"Charlotte, NC",https://stackoverflow.com/jobs/559421/software-engineer-mufg
Senior Software Engineer - Material Analysis Team (C++) (m/w/d),Volume Graphics GmbH,"Heidelberg, Deutschland",https://stackoverflow.com/jobs/163095/senior-software-engineer-material-analysis-team-volume-graphics-gmbh
Software Test Automation Specialist (m/w/x),ZEISS Group,"München, Deutschland",https://stackoverflow.com/jobs/541069/software-test-automation-specialist-m-w-x-zeiss-group
Qt C++ SDK Software Development Engineer,Esri,"Redlands, CA",https://stackoverflow.com/jobs/561049/qt-c-plus-plus-sdk-software-development-engineer-esri
Software Systems Engineer (80%-100%),Open Systems AG,"Zürich, Switzerland",https://stackoverflow.com/jobs/550751/software-systems-engineer-80-100-open-systems-ag
DevOps Engineer @ Nozomi Networks,Nozomi Networks,"Mendrisio, Switzerland",https://stackoverflow.com/jobs/555314/devops-engineer-nozomi-networks-nozomi-networks
Research Scientist with focus on Interventional Ultrasound (f/m/x),ImFusion GmbH,"München, Deutschland",https://stackoverflow.com/jobs/562664/research-scientist-with-focus-on-interventional-imfusion-gmbh
Senior Data Engineer - Recommendations (f/m/d),Delivery Hero SE,"Berlin, Germany",https://stackoverflow.com/jobs/565991/senior-data-engineer-recommendations-f-m-d-delivery-hero-se
Process Engineering Graduate Intern,Intel Corporation,"Albuquerque, NM",https://stackoverflow.com/jobs/531835/process-engineering-graduate-intern-intel-corporation
Sr. Data Pipeline Engineer - Top Wellness Marketplace Platform,StyleSeat,No office location,https://stackoverflow.com/jobs/525037/sr-data-pipeline-engineer-top-wellness-styleseat
Application Support Engineer,Derivco.,"Málaga, Spain",https://stackoverflow.com/jobs/565319/application-support-engineer-derivco
"Senior Software Engineer, Infrastructure, Education",Chan Zuckerberg Initiative,"Redwood City, CA",https://stackoverflow.com/jobs/537683/senior-software-engineer-infrastructure-chan-zuckerberg-initiative
Senior Data Engineer,Blinks Labs GmbH,"Berlin, Germany",https://stackoverflow.com/jobs/566660/senior-data-engineer-blinks-labs-gmbh
Site Reliability Engineer,Flow Traders,"Amsterdam, Netherlands",https://stackoverflow.com/jobs/381007/site-reliability-engineer-flow-traders
Site Reliability Engineer- ArcGIS Online,Esri,"Redlands, CA",https://stackoverflow.com/jobs/552702/site-reliability-engineer-arcgis-online-esri
Site Reliability Engineer,Flow Traders,"Amsterdam, Netherlands",https://stackoverflow.com/jobs/381007/site-reliability-engineer-flow-traders
Software Developer,SUSE,No office location,https://stackoverflow.com/jobs/558030/software-developer-suse
Softwareentwickler* HiL und Prüfstände,EDAG Group,"Ingolstadt, Deutschland",https://stackoverflow.com/jobs/566456/softwareentwickler-hil-und-pr%C3%BCfst%C3%A4nde-edag-group
Cloud Software Engineer,Intel Corporation,"Guadalajara, Mexico",https://stackoverflow.com/jobs/536886/cloud-software-engineer-intel-corporation
"Algorithm Engineer, Enterprise Partnership & Solutions",ByteDance,Singapore,https://stackoverflow.com/jobs/523517/algorithm-engineer-enterprise-partnership-bytedance
Firmware Engineer (m/w/d),RUAG Defence Deutschland GmbH,"Wedel, Deutschland",https://stackoverflow.com/jobs/566556/firmware-engineer-m-w-d-ruag-defence-deutschland-gmbh
"Data Scientist, Machine Learning Evaluation",McD Tech Labs,"Mountain View, CA",https://stackoverflow.com/jobs/523805/data-scientist-machine-learning-evaluation-mcd-tech-labs
Software Engineer - Silicon Product Design,Intel Corporation,"Hillsboro, OR",https://stackoverflow.com/jobs/530198/software-engineer-silicon-product-design-intel-corporation
Senior ML Engineer,Amaris.AI,Singapore,https://stackoverflow.com/jobs/533811/senior-ml-engineer-amarisai
Cloud Architect (m/w/d),dx.one GmbH,"Berlin, Deutschland",https://stackoverflow.com/jobs/566729/cloud-architect-m-w-d-dxone-gmbh
Software Designer,Topic Embedded Systems B.V.,"Best, Netherlands",https://stackoverflow.com/jobs/566186/software-designer-topic-embedded-systems-bv
Software-Entwickler Excel-Datenschnittstellen und Reports (m/w/d),PSI Software AG Geschäftsbereich PSI Gasnetze und Pipelines,"Berlin, Deutschland",https://stackoverflow.com/jobs/566502/software-entwickler-excel-datenschnittstellen-und-psi-software-ag
Data Engineer (m/w/d),ARD-Programmdirektion,"München, Deutschland",https://stackoverflow.com/jobs/566568/data-engineer-m-w-d-ard-programmdirektion
Data Engineer – Data Warehouse,Shopee Singapore Private Limited,Singapore,https://stackoverflow.com/jobs/565914/data-engineer-data-warehouse-shopee-singapore-private
Cloud Software Engineer,Intel Corporation,"Gdańsk, Poland",https://stackoverflow.com/jobs/529942/cloud-software-engineer-intel-corporation
Cloud Software Developer,Intel Corporation,"Guadalajara, Mexico",https://stackoverflow.com/jobs/557644/cloud-software-developer-intel-corporation
Senior React Developer | Contractor | Remote,Copado Strategic Services,No office location,https://stackoverflow.com/jobs/545086/senior-react-developer-contractor-remote-copado-strategic-services
Remote Sr. or Lead Site Reliability Engineer (Developer Tools) - Cisco Meraki,Cisco MerakiviaSource Coders,No office location,https://stackoverflow.com/jobs/566776/remote-sr-or-lead-site-reliability-engineer-cisco-meraki
Intermediate Observability Engineer,Derivco.,"Umhlanga, South Africa",https://stackoverflow.com/jobs/528647/intermediate-observability-engineer-derivco
Software Engineer - Robotics (m/f/d),Motius GmbH,"München, Deutschland",https://stackoverflow.com/jobs/545488/software-engineer-robotics-m-f-d-motius-gmbh
Test Process and Module Engineer (Platform),Intel Corporation,"George Town, Malaysia",https://stackoverflow.com/jobs/552555/test-process-and-module-engineer-platform-intel-corporation
Consultant (m/w/d)/ Developer (m/w/d) Robotic Process Automation (RPA),STAR COOPERATION GmbH,"Böblingen, Deutschland",https://stackoverflow.com/jobs/566512/consultant-m-w-d-developer-m-w-d-robotic-star-cooperation-gmbh
"Senior Software Engineer, Embedded Systems (m/f/d)",tado GmbH,No office location,https://stackoverflow.com/jobs/566398/senior-software-engineer-embedded-systems-m-f-d-tado-gmbh
Data Engineer,Coda Payments,No office location,https://stackoverflow.com/jobs/557317/data-engineer-coda-payments
Staff Machine Learning Engineer - Computer Vision (m/f/d),CARIAD,"Wolfsburg, Germany",https://stackoverflow.com/jobs/566380/staff-machine-learning-engineer-computer-vision-cariad
Test Process and Module Engineer (Platform),Intel Corporation,"George Town, Malaysia",https://stackoverflow.com/jobs/552555/test-process-and-module-engineer-platform-intel-corporation
Consultant (m/w/d)/ Developer (m/w/d) Robotic Process Automation (RPA),STAR COOPERATION GmbH,"Böblingen, Deutschland",https://stackoverflow.com/jobs/566512/consultant-m-w-d-developer-m-w-d-robotic-star-cooperation-gmbh
"Senior Software Engineer, Embedded Systems (m/f/d)",tado GmbH,No office location,https://stackoverflow.com/jobs/566398/senior-software-engineer-embedded-systems-m-f-d-tado-gmbh
"Software Engineering, AVP - Hybrid, Charlotte, NC, CI/CD principle, Atlassian",MUFG,"Charlotte, NC",https://stackoverflow.com/jobs/566302/software-engineering-avp-hybrid-charlotte-nc-mufg
Entwickler FPGA Firmware (m/w/d),IHSE GmbH,"Oberteuringen, Deutschland",https://stackoverflow.com/jobs/566699/entwickler-fpga-firmware-m-w-d-ihse-gmbh
DevOps Engineer,Picnic,"Amsterdam, Netherlands",https://stackoverflow.com/jobs/166839/devops-engineer-picnic
Softwareentwickler*in IDA/Big Data,Atruvia AG,"Karlsruhe, Deutschland",https://stackoverflow.com/jobs/566537/softwareentwickler-in-ida-big-data-atruvia-ag
"Container Platform Engineer, Vice President",MUFG,No office location,https://stackoverflow.com/jobs/559420/container-platform-engineer-vice-president-mufg
Senior Software Engineer,Intel Corporation,"Bengaluru, India",https://stackoverflow.com/jobs/539300/senior-software-engineer-intel-corporation
Java Entwickler (m/w/d),STAR COOPERATION GmbH,"Böblingen, Deutschland",https://stackoverflow.com/jobs/566498/java-entwickler-m-w-d-star-cooperation-gmbh
Devops Engineer - Infrastructure Engineering,ByteDance,Singapore,https://stackoverflow.com/jobs/553812/devops-engineer-infrastructure-engineering-bytedance
Senior Software Engineer,Administrate,"Edinburgh, UK",https://stackoverflow.com/jobs/522939/senior-software-engineer-administrate
DevOps Engineer,Flyr Inc,No office location,https://stackoverflow.com/jobs/522896/devops-engineer-flyr-inc
Software Development Engineer in Test,"ESO Solutions, Inc.","Belfast, UK",https://stackoverflow.com/jobs/528503/software-development-engineer-in-test-eso-solutions-inc
Senior Software Engineer,Administrate,No office location,https://stackoverflow.com/jobs/522940/senior-software-engineer-administrate
DevOps Engineer (m/w/d),solute GmbH,"Karlsruhe, Deutschland",https://stackoverflow.com/jobs/556140/devops-engineer-m-w-d-solute-gmbh
Senior DevOps Engineer,Self Decode,No office location,https://stackoverflow.com/jobs/566351/senior-devops-engineer-self-decode
"Tech Lead, Machine Learning Evaluation",McD Tech Labs,"Mountain View, CA",https://stackoverflow.com/jobs/523812/tech-lead-machine-learning-evaluation-mcd-tech-labs
(Senior) DevOps Engineer (m/f/d),ABOUT YOU SE & Co. KG,"Hamburg, Deutschland",https://stackoverflow.com/jobs/376895/senior-devops-engineer-m-f-d-about-you-se-co-kg
Senior Data Engineer E-Commerce (m/w/d),Peek & Cloppenburg,"Düsseldorf, Germany",https://stackoverflow.com/jobs/565672/senior-data-engineer-e-commerce-m-w-d-peek-cloppenburg
Cloud Solutions Architect for Climate Change - Zurich,MSCI,"Zürich, Switzerland",https://stackoverflow.com/jobs/566491/cloud-solutions-architect-for-climate-change-msci
"Site Reliability Engineer, Recommendation Architecture",ByteDance,Singapore,https://stackoverflow.com/jobs/553104/site-reliability-engineer-recommendation-bytedance
Embedded Software Development Engineer,Baker Hughes,"Groby, UK",https://stackoverflow.com/jobs/560598/embedded-software-development-engineer-baker-hughes
Network Software Engineer,Intel Corporation,"Austin, TX",https://stackoverflow.com/jobs/530203/network-software-engineer-intel-corporation
"Tech Lead, Machine Learning Evaluation",McD Tech Labs,"Mountain View, CA",https://stackoverflow.com/jobs/523812/tech-lead-machine-learning-evaluation-mcd-tech-labs
Senior Software Engineer,Administrate,"Edinburgh, UK",https://stackoverflow.com/jobs/522939/senior-software-engineer-administrate
DevOps Manager/Architect,Self Decode,No office location,https://stackoverflow.com/jobs/557000/devops-manager-architect-self-decode
"Systems Engineering, Analyst",MUFG,"Charlotte, NC",https://stackoverflow.com/jobs/559441/systems-engineering-analyst-mufg
Machine Learning Engineer,Relay42,"Amsterdam, Netherlands",https://stackoverflow.com/jobs/469169/machine-learning-engineer-relay42
"Software Engineer, AVP",MUFG,"Charlotte, NC",https://stackoverflow.com/jobs/559429/software-engineer-avp-mufg
Senior Cloud Security Engineer,MUFG,"Charlotte, NC",https://stackoverflow.com/jobs/559434/senior-cloud-security-engineer-mufg
Machine Learning Engineer (m/f/x),ING Deutschland,"Frankfurt am Main, Deutschland",https://stackoverflow.com/jobs/565982/machine-learning-engineer-m-f-x-ing-deutschland
Automotive Security Engineer (m/w/d),Method Park,"Erlangen, Deutschland",https://stackoverflow.com/jobs/558406/automotive-security-engineer-m-w-d-method-park
IT Security Network Engineer (m/w/d) Web Application Firewalls,Bundesdruckerei-Gruppe,"Berlin, Deutschland",https://stackoverflow.com/jobs/566781/it-security-network-engineer-m-w-d-web-bundesdruckerei-gruppe
(Senior) DevOps Engineer (m/f/d),ABOUT YOU SE & Co. KG,"Hamburg, Deutschland",https://stackoverflow.com/jobs/376895/senior-devops-engineer-m-f-d-about-you-se-co-kg
Informatiker*in für den Bereich Verkehrsmesstechnik,VITRONIC Dr.-Ing. Stein Bildverarbeitungssysteme GmbH,"Wiesbaden, Deutschland",https://stackoverflow.com/jobs/566725/informatiker-in-f%C3%BCr-den-bereich-vitronic-dr-ing-stein
Software Engineering Manager (f/m/d),Delivery Hero SE,"Berlin, Germany",https://stackoverflow.com/jobs/566668/software-engineering-manager-f-m-d-delivery-hero-se
"DevOps Engineer, Cloud Data Warehouse",ByteDance,Singapore,https://stackoverflow.com/jobs/550284/devops-engineer-cloud-data-warehouse-bytedance
Cloud Platform Engineer (d/m/w) Data & Analytics,DEVK Versicherungen,"Köln, Deutschland",https://stackoverflow.com/jobs/526685/cloud-platform-engineer-d-m-w-data-analytics-devk-versicherungen
Senior Security Analyst (d/m/w) Schwerpunkt IDS und Bedrohungsanalyse,DEVK Versicherungen,"Köln, Deutschland",https://stackoverflow.com/jobs/524954/senior-security-analyst-d-m-w-schwerpunkt-ids-devk-versicherungen
Senior Data Engineer - Ad Tech (f/m/d),Delivery Hero SE,"Berlin, Germany",https://stackoverflow.com/jobs/566539/senior-data-engineer-ad-tech-f-m-d-delivery-hero-se
Cloud Native Senior Software Engineer,Intel Corporation,"Dublin, Ireland",https://stackoverflow.com/jobs/548771/cloud-native-senior-software-engineer-intel-corporation
"Mathematiker, Physiker, Ing. Luft- und Raumfahrttech., Maschinenbau o.ä. (w/m/d)",Deutsches Zentrum für Luft- und Raumfahrt e. V. (DLR),"Göttingen, Deutschland",https://stackoverflow.com/jobs/566144/mathematiker-physiker-ing-luft-und-deutsches-zentrum-f%C3%BCr-luft
DevOps Cloud Engineer (Kubernetes) - Remote,IG Group,No office location,https://stackoverflow.com/jobs/532885/devops-cloud-engineer-kubernetes-remote-ig-group
Systems Engineer – Entwicklung und Test vernetzter Funktionen,IAV GmbH,"Gaimersheim, Deutschland",https://stackoverflow.com/jobs/566463/systems-engineer-entwicklung-und-test-iav-gmbh
Full Stack Developer,BOTS by RevenYOU,"Haarlem, Netherlands",https://stackoverflow.com/jobs/533368/full-stack-developer-bots-by-revenyou
DevSecOps Consultant,Ensign InfoSecurity (Cybersecurity) Pte Ltd,Singapore,https://stackoverflow.com/jobs/534274/devsecops-consultant-ensign-infosecurity
(Junior) Consultant (m/w/d) - IT Implementierungsspezialist / Global Employer Se,Deloitte Deutschland,"Düsseldorf, Deutschland",https://stackoverflow.com/jobs/556992/junior-consultant-m-w-d-it-deloitte-deutschland
Ethernet Technologies Software Applications Engineer - DPDK,Intel Corporation,"Hillsboro, OR",https://stackoverflow.com/jobs/530199/ethernet-technologies-software-applications-intel-corporation
"Senior Developer (React, Node.js) (m/f/d)",Ziegert EverEstate GmbH,"Berlin, Deutschland",https://stackoverflow.com/jobs/394267/senior-developer-react-nodejs-m-f-d-ziegert-everestate-gmbh
"Lead, Automation Engineer",Revance,"Pleasanton, CA",https://stackoverflow.com/jobs/566559/lead-automation-engineer-revance
"Mathematiker, Physiker, Ing. Luft- und Raumfahrttech., Maschinenbau o.ä. (w/m/d)",Deutsches Zentrum für Luft- und Raumfahrt e. V. (DLR),"Göttingen, Deutschland",https://stackoverflow.com/jobs/566144/mathematiker-physiker-ing-luft-und-deutsches-zentrum-f%C3%BCr-luft
Data Engineer,CGI Suomi,"Helsinki, Finland",https://stackoverflow.com/jobs/559232/data-engineer-cgi-suomi
McCloud HPC Expert,DUG Technology,"West Perth, Australia",https://stackoverflow.com/jobs/396027/mccloud-hpc-expert-dug-technology
Full Stack Lead/Architect (Sr. Deep Learning R and D Engineer),Intel Corporation,"Bengaluru, India",https://stackoverflow.com/jobs/539294/full-stack-lead-architect-sr-deep-learning-r-intel-corporation
Senior DevSecOps Engineer - Remote,MUFG,No office location,https://stackoverflow.com/jobs/559427/senior-devsecops-engineer-remote-mufg
Senior DevOps Engineer (Nordic or Germany),Nets Group,"Helsingfors, Finland",https://stackoverflow.com/jobs/565836/senior-devops-engineer-nordic-or-germany-nets-group
Cloud Platform Engineer (d/m/w) Data & Analytics,DEVK Versicherungen,"Köln, Deutschland",https://stackoverflow.com/jobs/526685/cloud-platform-engineer-d-m-w-data-analytics-devk-versicherungen
Senior Cloud Security Engineer,MUFG,"Charlotte, NC",https://stackoverflow.com/jobs/559434/senior-cloud-security-engineer-mufg
DevOps Engineer,Esri,"Redlands, CA",https://stackoverflow.com/jobs/566039/devops-engineer-esri
Graphics Software Engineer,Intel Corporation,"Shanghai, China",https://stackoverflow.com/jobs/543846/graphics-software-engineer-intel-corporation
Senior Security Analyst (d/m/w) Schwerpunkt IDS und Bedrohungsanalyse,DEVK Versicherungen,"Köln, Deutschland",https://stackoverflow.com/jobs/524954/senior-security-analyst-d-m-w-schwerpunkt-ids-devk-versicherungen
"Product Manager, Data & Analytics Solutions (Campus)",Azendian Solutions Pte. Ltd.,Singapore,https://stackoverflow.com/jobs/565767/product-manager-data-analytics-solutions-azendian-solutions-pte-ltd
DevOps Engineer  (Jede*r),tarent solutions GmbH,No office location,https://stackoverflow.com/jobs/555101/devops-engineer-jede-r-tarent-solutions-gmbh
Software Engineering Manager (f/m/d),Delivery Hero SE,"Berlin, Germany",https://stackoverflow.com/jobs/566668/software-engineering-manager-f-m-d-delivery-hero-se
Senior Client Side Developer (m/w/d),Basler AG,"Hamburg, Deutschland",https://stackoverflow.com/jobs/566446/senior-client-side-developer-m-w-d-basler-ag
"Senior Support Engineer, atma.io",atma.io,"Zagreb, Croatia",https://stackoverflow.com/jobs/566442/senior-support-engineer-atmaio-atmaio
DevOps Engineer (m/f/x),Worldline Germany GmbH,"Aachen, Deutschland",https://stackoverflow.com/jobs/566649/devops-engineer-m-f-x-worldline-germany-gmbh
Senior SRE / DevOps Engineer (m/f/d),CARIAD,"Wolfsburg, Germany",https://stackoverflow.com/jobs/561427/senior-sre-devops-engineer-m-f-d-cariad
Software Engineering Manager,Intel Corporation,"Bengaluru, India",https://stackoverflow.com/jobs/539256/software-engineering-manager-intel-corporation
Data Engineer (m/w/d) | The Garage,Deloitte Deutschland,"Düsseldorf, Deutschland",https://stackoverflow.com/jobs/545256/data-engineer-m-w-d-the-garage-deloitte-deutschland
DevOps Cloud Engineer (Kubernetes) - Remote,IG Group,No office location,https://stackoverflow.com/jobs/532885/devops-cloud-engineer-kubernetes-remote-ig-group
Systems Engineer – Entwicklung und Test vernetzter Funktionen,IAV GmbH,"Gaimersheim, Deutschland",https://stackoverflow.com/jobs/566463/systems-engineer-entwicklung-und-test-iav-gmbh
Ecosystems Software Engineer,Intel Corporation,"George Town, Malaysia",https://stackoverflow.com/jobs/552553/ecosystems-software-engineer-intel-corporation
DevOps Engineer,Esri,"Redlands, CA",https://stackoverflow.com/jobs/566039/devops-engineer-esri
Data Engineer (m/w/d) | The Garage,Deloitte Deutschland,"Düsseldorf, Deutschland",https://stackoverflow.com/jobs/545256/data-engineer-m-w-d-the-garage-deloitte-deutschland
Senior iOS engineer - ux + video,SmileDirectClub,No office location,https://stackoverflow.com/jobs/546573/senior-ios-engineer-ux-plus-video-smiledirectclub
Sr. DevOps Enigneer,StyleSeat,No office location,https://stackoverflow.com/jobs/566703/sr-devops-enigneer-styleseat
Senior DevOps Engineer,Zenjob,"Berlin, Germany",https://stackoverflow.com/jobs/552356/senior-devops-engineer-zenjob
McCloud HPC Expert,DUG Technology,"West Perth, Australia",https://stackoverflow.com/jobs/396027/mccloud-hpc-expert-dug-technology
Solution Engineer (m/w/d) - Cloud AWS,Deloitte Deutschland,"Düsseldorf, Deutschland",https://stackoverflow.com/jobs/533754/solution-engineer-m-w-d-cloud-aws-deloitte-deutschland
Data Scientist (d/m/w),DEVK Versicherungen,"Köln, Deutschland",https://stackoverflow.com/jobs/533653/data-scientist-d-m-w-devk-versicherungen
Experienced Data Engineer,Accenture Romania,"Bucharest, Romania",https://stackoverflow.com/jobs/525561/experienced-data-engineer-accenture-romania
Graphics Software Engineer,Intel Corporation,"Shanghai, China",https://stackoverflow.com/jobs/543846/graphics-software-engineer-intel-corporation
Senior Information Security Engineer,Higher Logic,No office location,https://stackoverflow.com/jobs/566768/senior-information-security-engineer-higher-logic
Security Engineer,Outschool,No office location,https://stackoverflow.com/jobs/566357/security-engineer-outschool
Software Engineering Manager,Intel Corporation,"Bengaluru, India",https://stackoverflow.com/jobs/539256/software-engineering-manager-intel-corporation
"Product Manager, Data & Analytics Solutions (Campus)",Azendian Solutions Pte. Ltd.,Singapore,https://stackoverflow.com/jobs/565767/product-manager-data-analytics-solutions-azendian-solutions-pte-ltd
"Senior Developer (React, Node.js) (m/f/d)",Ziegert EverEstate GmbH,"Berlin, Deutschland",https://stackoverflow.com/jobs/394267/senior-developer-react-nodejs-m-f-d-ziegert-everestate-gmbh
Senior Solution Engineer (m/w/d) - Cloud Azure Expert,Deloitte Deutschland,"Düsseldorf, Deutschland",https://stackoverflow.com/jobs/533755/senior-solution-engineer-m-w-d-cloud-azure-deloitte-deutschland
Senior DevOps Engineer,The Orchard,"London, UK",https://stackoverflow.com/jobs/543315/senior-devops-engineer-the-orchard
Senior DevOps Engineer Consultant |  Full-time or Contract | Remote,Copado Strategic Services,No office location,https://stackoverflow.com/jobs/517961/senior-devops-engineer-consultant-full-time-or-copado-strategic-services
Senior Infra and DevSecOps Engineer,Amaris.AI,Singapore,https://stackoverflow.com/jobs/533810/senior-infra-and-devsecops-engineer-amarisai
Head of Shipping Data Science (ML),eBay,"Bellevue, WA",https://stackoverflow.com/jobs/565971/head-of-shipping-data-science-ml-ebay
Senior Client Side Developer (m/w/d),Basler AG,"Hamburg, Deutschland",https://stackoverflow.com/jobs/566446/senior-client-side-developer-m-w-d-basler-ag
Data Analytics Strategist – HConnect (f/m/d),HeidelbergCement AG,"Heidelberg, Deutschland",https://stackoverflow.com/jobs/546689/data-analytics-strategist-hconnect-f-m-d-heidelbergcement-ag
Senior Site Reliability Engineer (ServiceOps),"Wikimedia Foundation, Inc.",No office location,https://stackoverflow.com/jobs/566259/senior-site-reliability-engineer-serviceops-wikimedia-foundation-inc
Open Source Software Lead (Cloud Native),Intel Corporation,"Dublin, Ireland",https://stackoverflow.com/jobs/553034/open-source-software-lead-cloud-native-intel-corporation
Frontend Developer,Octopus Energy,"London, UK",https://stackoverflow.com/jobs/533659/frontend-developer-octopus-energy
"Site Reliability Engineer, Kubernetes",camunda,No office location,https://stackoverflow.com/jobs/550386/site-reliability-engineer-kubernetes-camunda
Manager - Data Reliability Engineer,McDonald's Corporation,"Chicago, IL",https://stackoverflow.com/jobs/556557/manager-data-reliability-engineer-mcdonalds-corporation
Software Engineer,Intel Corporation,"Hillsboro, OR",https://stackoverflow.com/jobs/530206/software-engineer-intel-corporation
Lead Data & Integration Engineer (HProduce) (f/m/d),HeidelbergCement AG,"Heidelberg, Deutschland",https://stackoverflow.com/jobs/537895/lead-data-integration-engineer-hproduce-f-m-heidelbergcement-ag
Information Security Manager (m/w/d),ABOUT YOU SE & Co. KG,"Hamburg, Deutschland",https://stackoverflow.com/jobs/566395/information-security-manager-m-w-d-about-you-se-co-kg
Senior DevSecOps Engineer - REMOTE,MUFG,No office location,https://stackoverflow.com/jobs/559433/senior-devsecops-engineer-remote-mufg
Consultant (m/w/d) - Digital Forensics/Cyber Forensics,Deloitte Deutschland,"Düsseldorf, Germany",https://stackoverflow.com/jobs/566199/consultant-m-w-d-digital-forensics-cyber-deloitte-deutschland
Senior Information Security Engineer,Higher Logic,No office location,https://stackoverflow.com/jobs/566768/senior-information-security-engineer-higher-logic
"Experienced DevOps Consultant, GitLab/GitHub",Eficode Finland,"Helsinki, Finland",https://stackoverflow.com/jobs/559636/experienced-devops-consultant-gitlab-github-eficode-finland
Senior Fullstack Engineer,AMBOSS,"Berlin, Germany",https://stackoverflow.com/jobs/557771/senior-fullstack-engineer-amboss
"Director, Shipping Science",eBay,"Bellevue, WA",https://stackoverflow.com/jobs/565970/director-shipping-science-ebay
SRE Lead,Electrolux,"Stockholm, Sweden",https://stackoverflow.com/jobs/559156/sre-lead-electrolux
Graphics SRIOV Virtualization Developer,Intel Corporation,"Bengaluru, India",https://stackoverflow.com/jobs/539293/graphics-sriov-virtualization-developer-intel-corporation
Data Analytics Strategist – HConnect (f/m/d),HeidelbergCement AG,"Heidelberg, Deutschland",https://stackoverflow.com/jobs/546689/data-analytics-strategist-hconnect-f-m-d-heidelbergcement-ag
Platform Engineer,SUSE,No office location,https://stackoverflow.com/jobs/555636/platform-engineer-suse
"Report Automation Lead - Jersey City, NJ - Bachelors - Leadership",MUFG,"Jersey City, NJ",https://stackoverflow.com/jobs/566311/report-automation-lead-jersey-city-nj-mufg
Senior DevOps Platform Engineer,Blinks Labs GmbH,"Berlin, Germany",https://stackoverflow.com/jobs/565687/senior-devops-platform-engineer-blinks-labs-gmbh
Site Reliability Engineer III,"Wikimedia Foundation, Inc.",No office location,https://stackoverflow.com/jobs/566260/site-reliability-engineer-iii-wikimedia-foundation-inc
Software Engineer,Intel Corporation,"Hillsboro, OR",https://stackoverflow.com/jobs/530205/software-engineer-intel-corporation
Solution Engineer (m/w/d) - Cloud Azure,Deloitte Deutschland,"Düsseldorf, Deutschland",https://stackoverflow.com/jobs/533750/solution-engineer-m-w-d-cloud-azure-deloitte-deutschland
Software Engineer,Intel Corporation,"Hillsboro, OR",https://stackoverflow.com/jobs/530570/software-engineer-intel-corporation
Sr. DevOps Engineer,SpaceX,"Hawthorne, CA",https://stackoverflow.com/jobs/562440/sr-devops-engineer-spacex
Lead Tech SEO Manager (d/f/m),Stylight,"München, Deutschland",https://stackoverflow.com/jobs/566291/lead-tech-seo-manager-d-f-m-stylight
LEAD INSTRUCTOR - DATA SCIENCE [full time | hybrid],WBS Gruppe,No office location,https://stackoverflow.com/jobs/529936/lead-instructor-data-science-full-time-wbs-gruppe
(Junior) Softwareentwickler - Java / Golang / Cloud - (w/m/d),GoCaspi GmbH,No office location,https://stackoverflow.com/jobs/566363/junior-softwareentwickler-java-golang-gocaspi-gmbh
"Site Reliability Engineer, Kubernetes",camunda,No office location,https://stackoverflow.com/jobs/550386/site-reliability-engineer-kubernetes-camunda
(Junior) Softwareentwickler - Java / Golang / Cloud - (w/m/d),GoCaspi GmbH,No office location,https://stackoverflow.com/jobs/566363/junior-softwareentwickler-java-golang-gocaspi-gmbh
Software Engineer (Network Software),SpaceX,"Hawthorne, CA",https://stackoverflow.com/jobs/562442/software-engineer-network-software-spacex
"Informatiker/in, Ingenieur/in, Physiker/in, Mathematiker/in o. ä. (w/m/d)",Deutsches Zentrum für Luft- und Raumfahrt e. V. (DLR),"Darmstadt, Deutschland",https://stackoverflow.com/jobs/566125/informatiker-in-ingenieur-in-physiker-in-deutsches-zentrum-f%C3%BCr-luft
Cloud Software Engineer,Intel Corporation,"Hillsboro, OR",https://stackoverflow.com/jobs/530195/cloud-software-engineer-intel-corporation
Senior Software Engineer (Java)- Database Services,Mimecast,"London, UK",https://stackoverflow.com/jobs/558741/senior-software-engineer-java-database-services-mimecast
Sr. Application Security Engineer,MUFG,"New York, NY",https://stackoverflow.com/jobs/559422/sr-application-security-engineer-mufg
Senior DevOps Engineer,Higher Logic,No office location,https://stackoverflow.com/jobs/566769/senior-devops-engineer-higher-logic
Network Software Engineer,Intel Corporation,"Bengaluru, India",https://stackoverflow.com/jobs/539257/network-software-engineer-intel-corporation
Data Engineer,"Betterup, Inc.",No office location,https://stackoverflow.com/jobs/523557/data-engineer-betterup-inc
Senior DevOps Engineer,Higher Logic,"Arlington, VA",https://stackoverflow.com/jobs/529128/senior-devops-engineer-higher-logic
DevOps / SRE Engineer (f/m/d),HeidelbergCement AG,"Heidelberg, Deutschland",https://stackoverflow.com/jobs/555115/devops-sre-engineer-f-m-d-heidelbergcement-ag
Senior Security Engineer,IG Group,"London, UK",https://stackoverflow.com/jobs/555193/senior-security-engineer-ig-group
Sr. Software Engineer (Full stack Java),MUFG,"Charlotte, NC",https://stackoverflow.com/jobs/559425/sr-software-engineer-full-stack-java-mufg
Sr. Signal Integrity Engineer,Intel Corporation,"Shanghai, China",https://stackoverflow.com/jobs/543848/sr-signal-integrity-engineer-intel-corporation
Machine Learning Engineer,"Betterup, Inc.",No office location,https://stackoverflow.com/jobs/523562/machine-learning-engineer-betterup-inc
DevOps Engineer (m/w/d) | The Garage,Deloitte Deutschland,"Düsseldorf, Deutschland",https://stackoverflow.com/jobs/545252/devops-engineer-m-w-d-the-garage-deloitte-deutschland
Data Platform Architect,Octopus Energy,"London, UK",https://stackoverflow.com/jobs/541302/data-platform-architect-octopus-energy
"CBT Infrastructure AVP, Tempe, AZ, AWS, Linux, project management, scripting",MUFG,"Tempe, AZ",https://stackoverflow.com/jobs/566299/cbt-infrastructure-avp-tempe-az-aws-linux-mufg
Lead DevOps / SRE Engineer (f/m/d),HeidelbergCement AG,"Heidelberg, Deutschland",https://stackoverflow.com/jobs/555118/lead-devops-sre-engineer-f-m-d-heidelbergcement-ag
Cloud Infrastructure Engineer,Relay42,"Amsterdam, Netherlands",https://stackoverflow.com/jobs/407421/cloud-infrastructure-engineer-relay42
DevOps Lead,Which?,"London, UK",https://stackoverflow.com/jobs/556891/devops-lead-which
Data Scientist,AutoTrader,"Toronto, ON, Canada",https://stackoverflow.com/jobs/529015/data-scientist-autotrader
Senior Cloud Software Services Architect,Intel Corporation,"Hillsboro, OR",https://stackoverflow.com/jobs/530190/senior-cloud-software-services-architect-intel-corporation
"Sr. Software Engineer, Machine Learning Infrastructure",Chan Zuckerberg Initiative,"Redwood City, CA",https://stackoverflow.com/jobs/565330/sr-software-engineer-machine-learning-chan-zuckerberg-initiative
Senior DevOps Engineer,Higher Logic,"Arlington, VA",https://stackoverflow.com/jobs/529128/senior-devops-engineer-higher-logic
Hyperscale Cloud Developer Advocate,Intel Corporation,"Hillsboro, OR",https://stackoverflow.com/jobs/528557/hyperscale-cloud-developer-advocate-intel-corporation
Senior DevOps Engineer - Data Operations,"Sailpoint Technologies, Inc.",No office location,https://stackoverflow.com/jobs/557351/senior-devops-engineer-data-operations-sailpoint-technologies-inc
DevOps Engineer - High Performance Computing (Mid-Career),Sandia National Laboratories,"Albuquerque, NM",https://stackoverflow.com/jobs/566341/devops-engineer-high-performance-computing-mid-sandia-national-laboratories
AI Solutions Architect,Intel Corporation,"Bengaluru, India",https://stackoverflow.com/jobs/539246/ai-solutions-architect-intel-corporation
"Sr. Capacity and Performance Engineer - remote, financial services industry",MUFG,No office location,https://stackoverflow.com/jobs/566300/sr-capacity-and-performance-engineer-remote-mufg
"Cloud Engineer, AVP -Remote",MUFG,No office location,https://stackoverflow.com/jobs/559428/cloud-engineer-avp-remote-mufg
Senior Solutions Architect/Data Architect,Intel Corporation,"Hillsboro, OR",https://stackoverflow.com/jobs/530028/senior-solutions-architect-data-architect-intel-corporation
Cloud Engineer,Olo,No office location,https://stackoverflow.com/jobs/516558/cloud-engineer-olo
Senior Security Engineer - REMOTE,MUFG,No office location,https://stackoverflow.com/jobs/559444/senior-security-engineer-remote-mufg
"Software Engineering Manager, Seattle WA",MSCI,"Seattle, WA",https://stackoverflow.com/jobs/565855/software-engineering-manager-seattle-wa-msci
Computer Scientist - Development Programs - Entry/ Mid-Level,National Security Agency,"Fort Meade, MD",https://stackoverflow.com/jobs/565896/computer-scientist-development-programs-entry-national-security-agency
Software Engineers,Lightmatter,No office location,https://stackoverflow.com/jobs/565756/software-engineers-lightmatter
Software Engineering Manager,Coda Payments,No office location,https://stackoverflow.com/jobs/566755/software-engineering-manager-coda-payments
Join our Tech Community as Working Student (m/f/d),Motius GmbH,"München, Deutschland",https://stackoverflow.com/jobs/566670/join-our-tech-community-as-working-student-m-f-d-motius-gmbh
Head of Engineering (m/f/d),VEACT GmbH,"München, Deutschland",https://stackoverflow.com/jobs/538334/head-of-engineering-m-f-d-veact-gmbh
Senior Software Engineers,Lightmatter,No office location,https://stackoverflow.com/jobs/523002/senior-software-engineers-lightmatter
Senior Backend Developer (f/m/d),HOMELIKE INTERNET GmbH,"Köln, Deutschland",https://stackoverflow.com/jobs/522556/senior-backend-developer-f-m-d-homelike-internet-gmbh
Senior Software Engineer – Container Ecosystem,SUSE,No office location,https://stackoverflow.com/jobs/554241/senior-software-engineer-container-ecosystem-suse
Senior Front-End Developer,kaliber.ai,No office location,https://stackoverflow.com/jobs/565929/senior-front-end-developer-kaliberai
Senior Software Engineer (Go),HENNGE K.K.,"Tokyo, Japan",https://stackoverflow.com/jobs/555512/senior-software-engineer-go-hennge-kk
Junior Software Engineer im Firmenübergreifenden Trainee-Programm (100%),M&F Engineering AG,"Weiningen, Schweiz",https://stackoverflow.com/jobs/233263/junior-software-engineer-im-firmen%C3%BCbergreifenden-m-f-engineering-ag
"Software Engineering Manager - Selection Domain, Core Order (w/m/d)",Delivery Hero SE,"Berlin, Germany",https://stackoverflow.com/jobs/562276/software-engineering-manager-selection-domain-delivery-hero-se
Platform Engineer,Octopus Energy,"Houston, TX",https://stackoverflow.com/jobs/531787/platform-engineer-octopus-energy
Senior DevOps Engineer (Cloud Solutions),Coda Payments,No office location,https://stackoverflow.com/jobs/565675/senior-devops-engineer-cloud-solutions-coda-payments
"Interview Engineer (Remote, South Africa)",Karat.com,No office location,https://stackoverflow.com/jobs/565624/interview-engineer-remote-south-africa-karatcom
Engineering Manager,AMBOSS,"Berlin, Germany",https://stackoverflow.com/jobs/524863/engineering-manager-amboss
Sr. Software Engineer,SpaceX,"Hawthorne, CA",https://stackoverflow.com/jobs/562441/sr-software-engineer-spacex
Engineering Technical Recruiter,QuantCo,"Berlin, Deutschland",https://stackoverflow.com/jobs/553016/engineering-technical-recruiter-quantco
Principal Java Engineer,Picnic,"Amsterdam, Netherlands",https://stackoverflow.com/jobs/559762/principal-java-engineer-picnic
DevOps Engineer (w/m/d) - bundesweit & Homeoffice,objective partner AG,"Weinheim, Deutschland",https://stackoverflow.com/jobs/550881/devops-engineer-w-m-d-bundesweit-homeoffice-objective-partner-ag
Senior SOC Engineer (Remote - Canada),Open Systems AG,"Vancouver, BC, Canada",https://stackoverflow.com/jobs/548058/senior-soc-engineer-remote-canada-open-systems-ag
"Interview Engineer (Remote, United Kingdom)",Karat.com,No office location,https://stackoverflow.com/jobs/565630/interview-engineer-remote-united-kingdom-karatcom
Research Scientist,"Edgestream Partners, L.P.","Princeton, NJ",https://stackoverflow.com/jobs/518607/research-scientist-edgestream-partners-lp
Lead AI Engineer,Singapore Innovate Pte. Ltd,Singapore,https://stackoverflow.com/jobs/560743/lead-ai-engineer-singapore-innovate-pte-ltd
"Interview Engineer (Remote, Germany)",Karat.com,No office location,https://stackoverflow.com/jobs/565627/interview-engineer-remote-germany-karatcom
"Interview Engineer (Remote, Canada)",Karat.com,No office location,https://stackoverflow.com/jobs/565626/interview-engineer-remote-canada-karatcom
"Interview Engineer (Remote, Australia)",Karat.com,No office location,https://stackoverflow.com/jobs/565625/interview-engineer-remote-australia-karatcom
Data Corn (m/w/d),Breuninger GmbH & Co.,"Stuttgart, Deutschland",https://stackoverflow.com/jobs/432950/data-corn-m-w-d-breuninger-gmbh-co
Scientific Applications Developer,DownUnder GeoSolutions Pty Ltd,"West Perth, Australia",https://stackoverflow.com/jobs/352726/scientific-applications-developer-downunder-geosolutions-pty-ltd
"Tech Lead Engineering Manager, Trust and Safety Engineering",ByteDance,Singapore,https://stackoverflow.com/jobs/546397/tech-lead-engineering-manager-trust-and-safety-bytedance
"Interview Engineer (Remote, Mexico)",Karat.com,No office location,https://stackoverflow.com/jobs/565629/interview-engineer-remote-mexico-karatcom
"Interview Engineer (Remote, Israel)",Karat.com,No office location,https://stackoverflow.com/jobs/565628/interview-engineer-remote-israel-karatcom
Senior SOC Engineer,Open Systems AG,"Zürich, Switzerland",https://stackoverflow.com/jobs/548049/senior-soc-engineer-open-systems-ag
Backend Developer with Cloud experience,Accenture Romania,No office location,https://stackoverflow.com/jobs/534721/backend-developer-with-cloud-experience-accenture-romania
Machine Learning Technical Lead - E-commerce Risk Management,ByteDance,Singapore,https://stackoverflow.com/jobs/525174/machine-learning-technical-lead-e-commerce-risk-bytedance
Senior Security Engineer,Open Systems AG,"Noida, India",https://stackoverflow.com/jobs/548050/senior-security-engineer-open-systems-ag
